"","game.id","week","team","points","results"
"1",1,1,"Arizona State",63,"W"
"841",1,1,"Northern Arizona",6,"L"
"2",2,1,"Ball State",37,"W"
"842",2,1,"Eastern Michigan",26,"L"
"3",3,1,"Brigham Young",30,"W"
"843",3,1,"Washington State",6,"L"
"4",4,1,"Central Florida",56,"W"
"844",4,1,"Akron",14,"L"
"5",5,1,"Central Michigan",38,"W"
"845",5,1,"Southeast Missouri State",27,"L"
"6",6,1,"Connecticut",37,"W"
"846",6,1,"Massachusetts",0,"L"
"7",7,1,"Eastern Washington",20,"W"
"847",7,1,"Idaho",3,"L"
"8",8,1,"Kent State",41,"W"
"848",8,1,"Towson",21,"L"
"9",9,1,"McNeese State",27,"W"
"849",9,1,"Middle Tennessee State",21,"L"
"10",10,1,"Minnesota",30,"W"
"850",10,1,"Nevada-Las Vegas",27,"L"
"11",11,1,"New Mexico State",49,"W"
"851",11,1,"Sacramento State",19,"L"
"12",12,1,"South Carolina",17,"W"
"852",12,1,"Vanderbilt",13,"L"
"13",13,1,"UCLA",49,"W"
"853",13,1,"Rice",24,"L"
"14",14,1,"Utah",41,"W"
"854",14,1,"Northern Colorado",0,"L"
"15",15,1,"Utah State",34,"W"
"855",15,1,"Southern Utah",3,"L"
"16",16,1,"Florida Atlantic",7,"W"
"856",16,1,"Wagner",3,"L"
"17",17,1,"Michigan State",17,"W"
"857",17,1,"Boise State",13,"L"
"18",18,1,"Stanford",20,"W"
"858",18,1,"San Jose State",17,"L"
"19",19,1,"Temple",41,"W"
"859",19,1,"Villanova",10,"L"
"20",20,1,"Tennessee",35,"W"
"860",20,1,"North Carolina State",21,"L"
"21",21,1,"Air Force",49,"W"
"861",21,1,"Idaho State",21,"L"
"22",22,1,"Alabama",41,"W"
"862",22,1,"Michigan",14,"L"
"23",23,1,"Arizona",24,"W"
"863",23,1,"Toledo",17,"L"
"24",24,1,"Arkansas",49,"W"
"864",24,1,"Jacksonville State",24,"L"
"25",25,1,"Clemson",26,"W"
"865",25,1,"Auburn",19,"L"
"26",26,1,"Colorado State",22,"W"
"866",26,1,"Colorado",17,"L"
"27",27,1,"Duke",46,"W"
"867",27,1,"Florida International",26,"L"
"28",28,1,"East Carolina",35,"W"
"868",28,1,"Appalachian State",13,"L"
"29",29,1,"Florida",27,"W"
"869",29,1,"Bowling Green State",14,"L"
"30",30,1,"Florida State",69,"W"
"870",30,1,"Murray State",3,"L"
"31",31,1,"Fresno State",37,"W"
"871",31,1,"Weber State",10,"L"
"32",32,1,"Georgia",45,"W"
"872",32,1,"Buffalo",23,"L"
"33",33,1,"Illinois",24,"W"
"873",33,1,"Western Michigan",7,"L"
"34",34,1,"Indiana",24,"W"
"874",34,1,"Indiana State",17,"L"
"35",35,1,"Iowa",18,"W"
"875",35,1,"Northern Illinois",17,"L"
"36",36,1,"Iowa State",38,"W"
"876",36,1,"Tulsa",23,"L"
"37",37,1,"Kansas",31,"W"
"877",37,1,"South Dakota State",17,"L"
"38",38,1,"Kansas State",51,"W"
"878",38,1,"Missouri State",9,"L"
"39",39,1,"Louisiana State",41,"W"
"879",39,1,"North Texas",14,"L"
"40",40,1,"Louisiana-Lafayette",40,"W"
"880",40,1,"Lamar",0,"L"
"41",41,1,"Maryland",7,"W"
"881",41,1,"William & Mary",6,"L"
"42",42,1,"Miami FL",41,"W"
"882",42,1,"Boston College",32,"L"
"43",43,1,"Mississippi",49,"W"
"883",43,1,"Central Arkansas",27,"L"
"44",44,1,"Mississippi State",56,"W"
"884",44,1,"Jackson State",9,"L"
"45",45,1,"Missouri",62,"W"
"885",45,1,"Southeastern Louisiana",10,"L"
"46",46,1,"Nebraska",49,"W"
"886",46,1,"Southern Mississippi",20,"L"
"47",47,1,"Nevada",31,"W"
"887",47,1,"California",24,"L"
"48",48,1,"New Mexico",66,"W"
"888",48,1,"Southern",21,"L"
"49",49,1,"North Carolina",62,"W"
"889",49,1,"Elon",0,"L"
"50",50,1,"Northwestern",42,"W"
"890",50,1,"Syracuse",41,"L"
"51",51,1,"Notre Dame",50,"W"
"891",51,1,"Navy",10,"L"
"52",52,1,"Ohio",24,"W"
"892",52,1,"Penn State",14,"L"
"53",53,1,"Ohio State",56,"W"
"893",53,1,"Miami OH",10,"L"
"54",54,1,"Oklahoma",24,"W"
"894",54,1,"Texas-El Paso",7,"L"
"55",55,1,"Oklahoma State",84,"W"
"895",55,1,"Savannah State",0,"L"
"56",56,1,"Oregon",57,"W"
"896",56,1,"Arkansas State",34,"L"
"57",57,1,"Purdue",48,"W"
"897",57,1,"Eastern Kentucky",6,"L"
"58",58,1,"Rutgers",24,"W"
"898",58,1,"Tulane",12,"L"
"59",59,1,"South Florida",34,"W"
"899",59,1,"Chattanooga",13,"L"
"60",60,1,"Southern California",49,"W"
"900",60,1,"Hawaii",10,"L"
"61",61,1,"Tennessee-Martin",20,"W"
"901",61,1,"Memphis",17,"L"
"62",62,1,"Texas",37,"W"
"902",62,1,"Wyoming",17,"L"
"63",63,1,"Texas State",30,"W"
"903",63,1,"Houston",13,"L"
"64",64,1,"Texas Tech",44,"W"
"904",64,1,"Northwestern State",6,"L"
"65",65,1,"Texas-San Antonio",33,"W"
"905",65,1,"South Alabama",31,"L"
"66",66,1,"Troy",39,"W"
"906",66,1,"Alabama-Birmingham",29,"L"
"67",67,1,"Virginia",43,"W"
"907",67,1,"Richmond",19,"L"
"68",68,1,"Wake Forest",20,"W"
"908",68,1,"Liberty",17,"L"
"69",69,1,"Washington",21,"W"
"909",69,1,"San Diego State",12,"L"
"70",70,1,"West Virginia",69,"W"
"910",70,1,"Marshall",34,"L"
"71",71,1,"Western Kentucky",49,"W"
"911",71,1,"Austin Peay",10,"L"
"72",72,1,"Wisconsin",26,"W"
"912",72,1,"Northern Iowa",21,"L"
"73",73,1,"Youngstown State",31,"W"
"913",73,1,"Pittsburgh",17,"L"
"74",74,1,"Baylor",59,"W"
"914",74,1,"Southern Methodist",24,"L"
"75",75,1,"Louisville",32,"W"
"915",75,1,"Kentucky",14,"L"
"76",76,1,"Virginia Tech",20,"W"
"916",76,1,"Georgia Tech",17,"L"
"77",77,2,"Cincinnati",34,"W"
"917",77,2,"Pittsburgh",10,"L"
"78",78,2,"Utah State",27,"W"
"918",78,2,"Utah",20,"L"
"79",79,2,"Alabama",35,"W"
"919",79,2,"Western Kentucky",0,"L"
"80",80,2,"Arizona",59,"W"
"920",80,2,"Oklahoma State",38,"L"
"81",81,2,"Arizona State",45,"W"
"921",81,2,"Illinois",14,"L"
"82",82,2,"Arkansas State",33,"W"
"922",82,2,"Memphis",28,"L"
"83",83,2,"Boston College",34,"W"
"923",83,2,"Maine",3,"L"
"84",84,2,"Bowling Green State",21,"W"
"924",84,2,"Idaho",13,"L"
"85",85,2,"Brigham Young",45,"W"
"925",85,2,"Weber State",13,"L"
"86",86,2,"Buffalo",56,"W"
"926",86,2,"Morgan State",34,"L"
"87",87,2,"California",50,"W"
"927",87,2,"Southern Utah",31,"L"
"88",88,2,"Clemson",52,"W"
"928",88,2,"Ball State",27,"L"
"89",89,2,"Florida",20,"W"
"929",89,2,"Texas A&M",17,"L"
"90",90,2,"Florida International",41,"W"
"930",90,2,"Akron",38,"L"
"91",91,2,"Florida State",55,"W"
"931",91,2,"Savannah State",0,"L"
"92",92,2,"Georgia",41,"W"
"932",92,2,"Missouri",20,"L"
"93",93,2,"Georgia Tech",59,"W"
"933",93,2,"Presbyterian",3,"L"
"94",94,2,"Illinois State",31,"W"
"934",94,2,"Eastern Michigan",14,"L"
"95",95,2,"Indiana",45,"W"
"935",95,2,"Massachusetts",6,"L"
"96",96,2,"Iowa State",9,"W"
"936",96,2,"Iowa",6,"L"
"97",97,2,"Kansas State",52,"W"
"937",97,2,"Miami FL",13,"L"
"98",98,2,"Kentucky",47,"W"
"938",98,2,"Kent State",14,"L"
"99",99,2,"Louisiana State",41,"W"
"939",99,2,"Washington",3,"L"
"100",100,2,"Louisiana Tech",56,"W"
"940",100,2,"Houston",49,"L"
"101",101,2,"Louisiana-Lafayette",37,"W"
"941",101,2,"Troy",24,"L"
"102",102,2,"Louisiana-Monroe",34,"W"
"942",102,2,"Arkansas",31,"L"
"103",103,2,"Louisville",35,"W"
"943",103,2,"Missouri State",7,"L"
"104",104,2,"Marshall",52,"W"
"944",104,2,"Western Carolina",24,"L"
"105",105,2,"Maryland",36,"W"
"945",105,2,"Temple",27,"L"
"106",106,2,"Miami OH",30,"W"
"946",106,2,"Southern Illinois",14,"L"
"107",107,2,"Michigan",31,"W"
"947",107,2,"Air Force",25,"L"
"108",108,2,"Michigan State",41,"W"
"948",108,2,"Central Michigan",7,"L"
"109",109,2,"Middle Tennessee State",31,"W"
"949",109,2,"Florida Atlantic",17,"L"
"110",110,2,"Minnesota",44,"W"
"950",110,2,"New Hampshire",7,"L"
"111",111,2,"Mississippi",28,"W"
"951",111,2,"Texas-El Paso",10,"L"
"112",112,2,"Mississippi State",28,"W"
"952",112,2,"Auburn",10,"L"
"113",113,2,"North Carolina State",10,"W"
"953",113,2,"Connecticut",7,"L"
"114",114,2,"North Dakota State",22,"W"
"954",114,2,"Colorado State",7,"L"
"115",115,2,"North Texas",34,"W"
"955",115,2,"Texas Southern",7,"L"
"116",116,2,"Northern Arizona",17,"W"
"956",116,2,"Nevada-Las Vegas",14,"L"
"117",117,2,"Northern Illinois",35,"W"
"957",117,2,"Tennessee-Martin",7,"L"
"118",118,2,"Northwestern",23,"W"
"958",118,2,"Vanderbilt",13,"L"
"119",119,2,"Notre Dame",20,"W"
"959",119,2,"Purdue",17,"L"
"120",120,2,"Ohio",51,"W"
"960",120,2,"New Mexico State",24,"L"
"121",121,2,"Ohio State",31,"W"
"961",121,2,"Central Florida",16,"L"
"122",122,2,"Oklahoma",69,"W"
"962",122,2,"Florida A&M",13,"L"
"123",123,2,"Oregon",42,"W"
"963",123,2,"Fresno State",25,"L"
"124",124,2,"Oregon State",10,"W"
"964",124,2,"Wisconsin",7,"L"
"125",125,2,"Rice",25,"W"
"965",125,2,"Kansas",24,"L"
"126",126,2,"Rutgers",26,"W"
"966",126,2,"Howard",0,"L"
"127",127,2,"Sacramento State",30,"W"
"967",127,2,"Colorado",28,"L"
"128",128,2,"San Diego State",42,"W"
"968",128,2,"Army",7,"L"
"129",129,2,"San Jose State",45,"W"
"969",129,2,"California-Davis",13,"L"
"130",130,2,"South Alabama",9,"W"
"970",130,2,"Nicholls State",3,"L"
"131",131,2,"South Carolina",48,"W"
"971",131,2,"East Carolina",10,"L"
"132",132,2,"South Florida",32,"W"
"972",132,2,"Nevada",31,"L"
"133",133,2,"Southern California",42,"W"
"973",133,2,"Syracuse",29,"L"
"134",134,2,"Southern Methodist",52,"W"
"974",134,2,"Stephen F. Austin",0,"L"
"135",135,2,"Stanford",50,"W"
"975",135,2,"Duke",13,"L"
"136",136,2,"Tennessee",51,"W"
"976",136,2,"Georgia State",13,"L"
"137",137,2,"Texas",45,"W"
"977",137,2,"New Mexico",0,"L"
"138",138,2,"Texas Christian",56,"W"
"978",138,2,"Grambling State",0,"L"
"139",139,2,"Texas Tech",58,"W"
"979",139,2,"Texas State",10,"L"
"140",140,2,"Texas-San Antonio",27,"W"
"980",140,2,"Texas A&M-Commerce",16,"L"
"141",141,2,"Toledo",34,"W"
"981",141,2,"Wyoming",31,"L"
"142",142,2,"Tulsa",45,"W"
"982",142,2,"Tulane",10,"L"
"143",143,2,"UCLA",36,"W"
"983",143,2,"Nebraska",30,"L"
"144",144,2,"Virginia",17,"W"
"984",144,2,"Penn State",16,"L"
"145",145,2,"Virginia Tech",42,"W"
"985",145,2,"Austin Peay",7,"L"
"146",146,2,"Wake Forest",28,"W"
"986",146,2,"North Carolina",27,"L"
"147",147,2,"Washington State",24,"W"
"987",147,2,"Eastern Washington",20,"L"
"148",148,2,"Western Michigan",52,"W"
"988",148,2,"Eastern Illinois",21,"L"
"149",149,3,"Rutgers",23,"W"
"989",149,3,"South Florida",13,"L"
"150",150,3,"Washington State",35,"W"
"990",150,3,"Nevada-Las Vegas",27,"L"
"151",151,3,"Akron",66,"W"
"991",151,3,"Morgan State",6,"L"
"152",152,3,"Alabama",52,"W"
"992",152,3,"Arkansas",0,"L"
"153",153,3,"Arizona",56,"W"
"993",153,3,"South Carolina State",0,"L"
"154",154,3,"Auburn",31,"W"
"994",154,3,"Louisiana-Monroe",28,"L"
"155",155,3,"Ball State",41,"W"
"995",155,3,"Indiana",39,"L"
"156",156,3,"Baylor",48,"W"
"996",156,3,"Sam Houston State",23,"L"
"157",157,3,"Boise State",39,"W"
"997",157,3,"Miami OH",12,"L"
"158",158,3,"Cal Poly",24,"W"
"998",158,3,"Wyoming",22,"L"
"159",159,3,"Central Florida",33,"W"
"999",159,3,"Florida International",20,"L"
"160",160,3,"Cincinnati",23,"W"
"1000",160,3,"Delaware State",7,"L"
"161",161,3,"Clemson",41,"W"
"1001",161,3,"Furman",7,"L"
"162",162,3,"Connecticut",24,"W"
"1002",162,3,"Maryland",21,"L"
"163",163,3,"Duke",54,"W"
"1003",163,3,"North Carolina Central",17,"L"
"164",164,3,"East Carolina",24,"W"
"1004",164,3,"Southern Mississippi",14,"L"
"165",165,3,"Florida",37,"W"
"1005",165,3,"Tennessee",20,"L"
"166",166,3,"Florida State",52,"W"
"1006",166,3,"Wake Forest",0,"L"
"167",167,3,"Fresno State",69,"W"
"1007",167,3,"Colorado",14,"L"
"168",168,3,"Georgia",56,"W"
"1008",168,3,"Florida Atlantic",20,"L"
"169",169,3,"Georgia Tech",56,"W"
"1009",169,3,"Virginia",20,"L"
"170",170,3,"Hawaii",54,"W"
"1010",170,3,"Lamar",2,"L"
"171",171,3,"Illinois",44,"W"
"1011",171,3,"Charleston Southern",0,"L"
"172",172,3,"Iowa",27,"W"
"1012",172,3,"Northern Iowa",16,"L"
"173",173,3,"Iowa State",37,"W"
"1013",173,3,"Western Illinois",3,"L"
"174",174,3,"Kansas State",35,"W"
"1014",174,3,"North Texas",21,"L"
"175",175,3,"Louisiana State",63,"W"
"1015",175,3,"Idaho",14,"L"
"176",176,3,"Louisiana Tech",56,"W"
"1016",176,3,"Rice",37,"L"
"177",177,3,"Louisville",39,"W"
"1017",177,3,"North Carolina",34,"L"
"178",178,3,"Miami FL",38,"W"
"1018",178,3,"Bethune-Cookman",10,"L"
"179",179,3,"Michigan",63,"W"
"1019",179,3,"Massachusetts",13,"L"
"180",180,3,"Middle Tennessee State",48,"W"
"1020",180,3,"Memphis",30,"L"
"181",181,3,"Minnesota",28,"W"
"1021",181,3,"Western Michigan",23,"L"
"182",182,3,"Mississippi State",30,"W"
"1022",182,3,"Troy",24,"L"
"183",183,3,"Missouri",24,"W"
"1023",183,3,"Arizona State",20,"L"
"184",184,3,"Nebraska",42,"W"
"1024",184,3,"Arkansas State",13,"L"
"185",185,3,"Nevada",45,"W"
"1025",185,3,"Northwestern State",34,"L"
"186",186,3,"North Carolina State",31,"W"
"1026",186,3,"South Alabama",7,"L"
"187",187,3,"Northern Illinois",41,"W"
"1027",187,3,"Army",40,"L"
"188",188,3,"Northwestern",22,"W"
"1028",188,3,"Boston College",13,"L"
"189",189,3,"Notre Dame",20,"W"
"1029",189,3,"Michigan State",3,"L"
"190",190,3,"Ohio",27,"W"
"1030",190,3,"Marshall",24,"L"
"191",191,3,"Ohio State",35,"W"
"1031",191,3,"California",28,"L"
"192",192,3,"Oklahoma State",65,"W"
"1032",192,3,"Louisiana-Lafayette",24,"L"
"193",193,3,"Oregon",63,"W"
"1033",193,3,"Tennessee Tech",14,"L"
"194",194,3,"Penn State",34,"W"
"1034",194,3,"Navy",7,"L"
"195",195,3,"Pittsburgh",35,"W"
"1035",195,3,"Virginia Tech",17,"L"
"196",196,3,"Purdue",54,"W"
"1036",196,3,"Eastern Michigan",16,"L"
"197",197,3,"San Diego State",49,"W"
"1037",197,3,"North Dakota",41,"L"
"198",198,3,"San Jose State",40,"W"
"1038",198,3,"Colorado State",20,"L"
"199",199,3,"South Carolina",49,"W"
"1039",199,3,"Alabama-Birmingham",6,"L"
"200",200,3,"Stanford",21,"W"
"1040",200,3,"Southern California",14,"L"
"201",201,3,"Syracuse",28,"W"
"1041",201,3,"Stony Brook",17,"L"
"202",202,3,"Texas",66,"W"
"1042",202,3,"Mississippi",31,"L"
"203",203,3,"Texas A&M",48,"W"
"1043",203,3,"Southern Methodist",3,"L"
"204",204,3,"Texas Christian",20,"W"
"1044",204,3,"Kansas",6,"L"
"205",205,3,"Texas Tech",49,"W"
"1045",205,3,"New Mexico",14,"L"
"206",206,3,"Texas-El Paso",41,"W"
"1046",206,3,"New Mexico State",28,"L"
"207",207,3,"Texas-San Antonio",38,"W"
"1047",207,3,"Georgia State",14,"L"
"208",208,3,"Toledo",27,"W"
"1048",208,3,"Bowling Green State",15,"L"
"209",209,3,"Tulsa",66,"W"
"1049",209,3,"Nicholls State",16,"L"
"210",210,3,"UCLA",37,"W"
"1050",210,3,"Houston",6,"L"
"211",211,3,"Utah",24,"W"
"1051",211,3,"Brigham Young",21,"L"
"212",212,3,"Vanderbilt",58,"W"
"1052",212,3,"Presbyterian",0,"L"
"213",213,3,"Washington",52,"W"
"1053",213,3,"Portland State",13,"L"
"214",214,3,"West Virginia",42,"W"
"1054",214,3,"James Madison",12,"L"
"215",215,3,"Western Kentucky",32,"W"
"1055",215,3,"Kentucky",31,"L"
"216",216,3,"Wisconsin",16,"W"
"1056",216,3,"Utah State",14,"L"
"217",217,4,"Kent State",23,"W"
"1057",217,4,"Buffalo",7,"L"
"218",218,4,"Boise State",7,"W"
"1058",218,4,"Brigham Young",6,"L"
"219",219,4,"Baylor",47,"W"
"1059",219,4,"Louisiana-Monroe",42,"L"
"220",220,4,"Alabama",40,"W"
"1060",220,4,"Florida Atlantic",7,"L"
"221",221,4,"Arizona State",37,"W"
"1061",221,4,"Utah",7,"L"
"222",222,4,"Arkansas State",56,"W"
"1062",222,4,"Alcorn State",0,"L"
"223",223,4,"Ball State",31,"W"
"1063",223,4,"South Florida",27,"L"
"224",224,4,"Central Michigan",32,"W"
"1064",224,4,"Iowa",31,"L"
"225",225,4,"Colorado",35,"W"
"1065",225,4,"Washington State",34,"L"
"226",226,4,"Duke",38,"W"
"1066",226,4,"Memphis",14,"L"
"227",227,4,"Florida",38,"W"
"1067",227,4,"Kentucky",0,"L"
"228",228,4,"Florida State",49,"W"
"1068",228,4,"Clemson",37,"L"
"229",229,4,"Georgia",48,"W"
"1069",229,4,"Vanderbilt",3,"L"
"230",230,4,"Kansas State",24,"W"
"1070",230,4,"Oklahoma",19,"L"
"231",231,4,"Louisiana State",12,"W"
"1071",231,4,"Auburn",10,"L"
"232",232,4,"Louisiana Tech",52,"W"
"1072",232,4,"Illinois",24,"L"
"233",233,4,"Louisville",28,"W"
"1073",233,4,"Florida International",21,"L"
"234",234,4,"Marshall",54,"W"
"1074",234,4,"Rice",51,"L"
"235",235,4,"Miami FL",42,"W"
"1075",235,4,"Georgia Tech",36,"L"
"236",236,4,"Miami OH",27,"W"
"1076",236,4,"Massachusetts",16,"L"
"237",237,4,"Michigan State",23,"W"
"1077",237,4,"Eastern Michigan",7,"L"
"238",238,4,"Minnesota",17,"W"
"1078",238,4,"Syracuse",10,"L"
"239",239,4,"Mississippi",39,"W"
"1079",239,4,"Tulane",0,"L"
"240",240,4,"Mississippi State",30,"W"
"1080",240,4,"South Alabama",10,"L"
"241",241,4,"Navy",41,"W"
"1081",241,4,"Virginia Military Institute",3,"L"
"242",242,4,"Nebraska",73,"W"
"1082",242,4,"Idaho State",7,"L"
"243",243,4,"Nevada",69,"W"
"1083",243,4,"Hawaii",24,"L"
"244",244,4,"Nevada-Las Vegas",38,"W"
"1084",244,4,"Air Force",35,"L"
"245",245,4,"New Mexico",27,"W"
"1085",245,4,"New Mexico State",14,"L"
"246",246,4,"North Carolina",27,"W"
"1086",246,4,"East Carolina",6,"L"
"247",247,4,"North Carolina State",52,"W"
"1087",247,4,"Citadel",14,"L"
"248",248,4,"Northern Illinois",30,"W"
"1088",248,4,"Kansas",23,"L"
"249",249,4,"Northwestern",38,"W"
"1089",249,4,"South Dakota",7,"L"
"250",250,4,"Notre Dame",13,"W"
"1090",250,4,"Michigan",6,"L"
"251",251,4,"Ohio",44,"W"
"1091",251,4,"Norfolk State",10,"L"
"252",252,4,"Ohio State",29,"W"
"1092",252,4,"Alabama-Birmingham",15,"L"
"253",253,4,"Oregon",49,"W"
"1093",253,4,"Arizona",0,"L"
"254",254,4,"Oregon State",27,"W"
"1094",254,4,"UCLA",20,"L"
"255",255,4,"Penn State",24,"W"
"1095",255,4,"Temple",13,"L"
"256",256,4,"Pittsburgh",55,"W"
"1096",256,4,"Gardner-Webb",10,"L"
"257",257,4,"Rutgers",35,"W"
"1097",257,4,"Arkansas",26,"L"
"258",258,4,"San Jose State",38,"W"
"1098",258,4,"San Diego State",34,"L"
"259",259,4,"South Carolina",31,"W"
"1099",259,4,"Missouri",10,"L"
"260",260,4,"Southern California",27,"W"
"1100",260,4,"California",9,"L"
"261",261,4,"Tennessee",47,"W"
"1101",261,4,"Akron",26,"L"
"262",262,4,"Texas A&M",70,"W"
"1102",262,4,"South Carolina State",14,"L"
"263",263,4,"Texas Christian",27,"W"
"1103",263,4,"Virginia",7,"L"
"264",264,4,"Texas State",41,"W"
"1104",264,4,"Stephen F. Austin",37,"L"
"265",265,4,"Texas-San Antonio",56,"W"
"1105",265,4,"Northwestern Oklahoma State",3,"L"
"266",266,4,"Toledo",38,"W"
"1106",266,4,"Coastal Carolina",28,"L"
"267",267,4,"Troy",14,"W"
"1107",267,4,"North Texas",7,"L"
"268",268,4,"Tulsa",27,"W"
"1108",268,4,"Fresno State",26,"L"
"269",269,4,"Utah State",31,"W"
"1109",269,4,"Colorado State",19,"L"
"270",270,4,"Virginia Tech",37,"W"
"1110",270,4,"Bowling Green State",0,"L"
"271",271,4,"Wake Forest",49,"W"
"1111",271,4,"Army",37,"L"
"272",272,4,"West Virginia",31,"W"
"1112",272,4,"Maryland",21,"L"
"273",273,4,"Western Kentucky",42,"W"
"1113",273,4,"Southern Mississippi",17,"L"
"274",274,4,"Western Michigan",30,"W"
"1114",274,4,"Connecticut",24,"L"
"275",275,4,"Wisconsin",37,"W"
"1115",275,4,"Texas-El Paso",26,"L"
"276",276,4,"Wyoming",40,"W"
"1116",276,4,"Idaho",37,"L"
"277",277,5,"Washington",17,"W"
"1117",277,5,"Stanford",13,"L"
"278",278,5,"Brigham Young",47,"W"
"1118",278,5,"Hawaii",0,"L"
"279",279,5,"Air Force",42,"W"
"1119",279,5,"Colorado State",21,"L"
"280",280,5,"Alabama",33,"W"
"1120",280,5,"Mississippi",14,"L"
"281",281,5,"Arizona State",27,"W"
"1121",281,5,"California",17,"L"
"282",282,5,"Boise State",32,"W"
"1122",282,5,"New Mexico",29,"L"
"283",283,5,"Bowling Green State",48,"W"
"1123",283,5,"Rhode Island",8,"L"
"284",284,5,"Cincinnati",27,"W"
"1124",284,5,"Virginia Tech",24,"L"
"285",285,5,"Clemson",45,"W"
"1125",285,5,"Boston College",31,"L"
"286",286,5,"Connecticut",24,"W"
"1126",286,5,"Buffalo",17,"L"
"287",287,5,"Duke",34,"W"
"1127",287,5,"Wake Forest",27,"L"
"288",288,5,"East Carolina",28,"W"
"1128",288,5,"Texas-El Paso",18,"L"
"289",289,5,"Florida State",30,"W"
"1129",289,5,"South Florida",17,"L"
"290",290,5,"Fresno State",52,"W"
"1130",290,5,"San Diego State",40,"L"
"291",291,5,"Georgia",51,"W"
"1131",291,5,"Tennessee",44,"L"
"292",292,5,"Houston",35,"W"
"1132",292,5,"Rice",14,"L"
"293",293,5,"Iowa",31,"W"
"1133",293,5,"Minnesota",13,"L"
"294",294,5,"Kent State",45,"W"
"1134",294,5,"Ball State",43,"L"
"295",295,5,"Louisiana State",38,"W"
"1135",295,5,"Towson",22,"L"
"296",296,5,"Louisiana Tech",44,"W"
"1136",296,5,"Virginia",38,"L"
"297",297,5,"Louisiana-Lafayette",48,"W"
"1137",297,5,"Florida International",20,"L"
"298",298,5,"Louisiana-Monroe",63,"W"
"1138",298,5,"Tulane",10,"L"
"299",299,5,"Louisville",21,"W"
"1139",299,5,"Southern Mississippi",17,"L"
"300",300,5,"Miami FL",44,"W"
"1140",300,5,"North Carolina State",37,"L"
"301",301,5,"Miami OH",56,"W"
"1141",301,5,"Akron",49,"L"
"302",302,5,"Middle Tennessee State",49,"W"
"1142",302,5,"Georgia Tech",28,"L"
"303",303,5,"Missouri",21,"W"
"1143",303,5,"Central Florida",16,"L"
"304",304,5,"Nebraska",30,"W"
"1144",304,5,"Wisconsin",27,"L"
"305",305,5,"Nevada",34,"W"
"1145",305,5,"Texas State",21,"L"
"306",306,5,"North Carolina",66,"W"
"1146",306,5,"Idaho",0,"L"
"307",307,5,"North Texas",20,"W"
"1147",307,5,"Florida Atlantic",14,"L"
"308",308,5,"Northern Illinois",55,"W"
"1148",308,5,"Central Michigan",24,"L"
"309",309,5,"Northwestern",44,"W"
"1149",309,5,"Indiana",29,"L"
"310",310,5,"Ohio",37,"W"
"1150",310,5,"Massachusetts",34,"L"
"311",311,5,"Ohio State",17,"W"
"1151",311,5,"Michigan State",16,"L"
"312",312,5,"Oregon",51,"W"
"1152",312,5,"Washington State",26,"L"
"313",313,5,"Oregon State",38,"W"
"1153",313,5,"Arizona",35,"L"
"314",314,5,"Penn State",35,"W"
"1154",314,5,"Illinois",7,"L"
"315",315,5,"Purdue",51,"W"
"1155",315,5,"Marshall",41,"L"
"316",316,5,"San Jose State",12,"W"
"1156",316,5,"Navy",0,"L"
"317",317,5,"South Carolina",38,"W"
"1157",317,5,"Kentucky",17,"L"
"318",318,5,"Stony Brook",23,"W"
"1158",318,5,"Army",3,"L"
"319",319,5,"Texas",41,"W"
"1159",319,5,"Oklahoma State",36,"L"
"320",320,5,"Texas A&M",58,"W"
"1160",320,5,"Arkansas",10,"L"
"321",321,5,"Texas Christian",24,"W"
"1161",321,5,"Southern Methodist",16,"L"
"322",322,5,"Texas Tech",24,"W"
"1162",322,5,"Iowa State",13,"L"
"323",323,5,"Texas-San Antonio",35,"W"
"1163",323,5,"New Mexico State",14,"L"
"324",324,5,"Toledo",37,"W"
"1164",324,5,"Western Michigan",17,"L"
"325",325,5,"Troy",31,"W"
"1165",325,5,"South Alabama",10,"L"
"326",326,5,"Tulsa",49,"W"
"1166",326,5,"Alabama-Birmingham",42,"L"
"327",327,5,"UCLA",42,"W"
"1167",327,5,"Colorado",14,"L"
"328",328,5,"Utah State",35,"W"
"1168",328,5,"Nevada-Las Vegas",13,"L"
"329",329,5,"West Virginia",70,"W"
"1169",329,5,"Baylor",63,"L"
"330",330,5,"Western Kentucky",26,"W"
"1170",330,5,"Arkansas State",13,"L"
"331",331,6,"Arkansas State",34,"W"
"1171",331,6,"Florida International",20,"L"
"332",332,6,"Central Florida",40,"W"
"1172",332,6,"East Carolina",20,"L"
"333",333,6,"Southern California",38,"W"
"1173",333,6,"Utah",28,"L"
"334",334,6,"Brigham Young",6,"W"
"1174",334,6,"Utah State",3,"L"
"335",335,6,"Syracuse",14,"W"
"1175",335,6,"Pittsburgh",13,"L"
"336",336,6,"Alabama-Birmingham",52,"W"
"1176",336,6,"Southeastern Louisiana",3,"L"
"337",337,6,"Arkansas",24,"W"
"1177",337,6,"Auburn",7,"L"
"338",338,6,"Army",34,"W"
"1178",338,6,"Boston College",31,"L"
"339",339,6,"Boise State",40,"W"
"1179",339,6,"Southern Mississippi",14,"L"
"340",340,6,"Bowling Green State",24,"W"
"1180",340,6,"Akron",10,"L"
"341",341,6,"California",43,"W"
"1181",341,6,"UCLA",17,"L"
"342",342,6,"Cincinnati",52,"W"
"1182",342,6,"Miami OH",14,"L"
"343",343,6,"Clemson",47,"W"
"1183",343,6,"Georgia Tech",31,"L"
"344",344,6,"Duke",42,"W"
"1184",344,6,"Virginia",17,"L"
"345",345,6,"Florida",14,"W"
"1185",345,6,"Louisiana State",6,"L"
"346",346,6,"Fresno State",28,"W"
"1186",346,6,"Colorado State",7,"L"
"347",347,6,"Houston",44,"W"
"1187",347,6,"North Texas",21,"L"
"348",348,6,"Idaho",26,"W"
"1188",348,6,"New Mexico State",18,"L"
"349",349,6,"Iowa State",37,"W"
"1189",349,6,"Texas Christian",23,"L"
"350",350,6,"Kansas State",56,"W"
"1190",350,6,"Kansas",16,"L"
"351",351,6,"Kent State",41,"W"
"1191",351,6,"Eastern Michigan",14,"L"
"352",352,6,"Louisiana Tech",58,"W"
"1192",352,6,"Nevada-Las Vegas",31,"L"
"353",353,6,"Louisiana-Lafayette",41,"W"
"1193",353,6,"Tulane",13,"L"
"354",354,6,"Louisiana-Monroe",31,"W"
"1194",354,6,"Middle Tennessee State",17,"L"
"355",355,6,"Maryland",19,"W"
"1195",355,6,"Wake Forest",14,"L"
"356",356,6,"Memphis",14,"W"
"1196",356,6,"Rice",10,"L"
"357",357,6,"Michigan",44,"W"
"1197",357,6,"Purdue",13,"L"
"358",358,6,"Michigan State",31,"W"
"1198",358,6,"Indiana",27,"L"
"359",359,6,"Mississippi State",27,"W"
"1199",359,6,"Kentucky",14,"L"
"360",360,6,"Navy",28,"W"
"1200",360,6,"Air Force",21,"L"
"361",361,6,"Nevada",35,"W"
"1201",361,6,"Wyoming",28,"L"
"362",362,6,"New Mexico",35,"W"
"1202",362,6,"Texas State",14,"L"
"363",363,6,"North Carolina",48,"W"
"1203",363,6,"Virginia Tech",34,"L"
"364",364,6,"North Carolina State",17,"W"
"1204",364,6,"Florida State",16,"L"
"365",365,6,"Northern Illinois",35,"W"
"1205",365,6,"Ball State",23,"L"
"366",366,6,"Notre Dame",41,"W"
"1206",366,6,"Miami FL",3,"L"
"367",367,6,"Ohio",38,"W"
"1207",367,6,"Buffalo",31,"L"
"368",368,6,"Ohio State",63,"W"
"1208",368,6,"Nebraska",38,"L"
"369",369,6,"Oklahoma",41,"W"
"1209",369,6,"Texas Tech",20,"L"
"370",370,6,"Oregon",52,"W"
"1210",370,6,"Washington",21,"L"
"371",371,6,"Oregon State",19,"W"
"1211",371,6,"Washington State",6,"L"
"372",372,6,"Penn State",39,"W"
"1212",372,6,"Northwestern",28,"L"
"373",373,6,"Rutgers",19,"W"
"1213",373,6,"Connecticut",3,"L"
"374",374,6,"San Diego State",52,"W"
"1214",374,6,"Hawaii",14,"L"
"375",375,6,"South Carolina",35,"W"
"1215",375,6,"Georgia",7,"L"
"376",376,6,"Southern Methodist",17,"W"
"1216",376,6,"Texas-El Paso",0,"L"
"377",377,6,"Stanford",54,"W"
"1217",377,6,"Arizona",48,"L"
"378",378,6,"Temple",37,"W"
"1218",378,6,"South Florida",28,"L"
"379",379,6,"Texas A&M",30,"W"
"1219",379,6,"Mississippi",27,"L"
"380",380,6,"Toledo",50,"W"
"1220",380,6,"Central Michigan",35,"L"
"381",381,6,"Tulsa",45,"W"
"1221",381,6,"Marshall",38,"L"
"382",382,6,"Vanderbilt",19,"W"
"1222",382,6,"Missouri",15,"L"
"383",383,6,"West Virginia",48,"W"
"1223",383,6,"Texas",45,"L"
"384",384,6,"Western Michigan",52,"W"
"1224",384,6,"Massachusetts",14,"L"
"385",385,6,"Wisconsin",31,"W"
"1225",385,6,"Illinois",14,"L"
"386",386,7,"Arizona State",51,"W"
"1226",386,7,"Colorado",17,"L"
"387",387,7,"Tulsa",33,"W"
"1227",387,7,"Texas-El Paso",11,"L"
"388",388,7,"Western Kentucky",31,"W"
"1228",388,7,"Troy",26,"L"
"389",389,7,"Navy",31,"W"
"1229",389,7,"Central Michigan",13,"L"
"390",390,7,"Air Force",28,"W"
"1230",390,7,"Wyoming",27,"L"
"391",391,7,"Alabama",42,"W"
"1231",391,7,"Missouri",10,"L"
"392",392,7,"Arkansas",49,"W"
"1232",392,7,"Kentucky",7,"L"
"393",393,7,"Arkansas State",36,"W"
"1233",393,7,"South Alabama",29,"L"
"394",394,7,"Ball State",30,"W"
"1234",394,7,"Western Michigan",24,"L"
"395",395,7,"Boise State",20,"W"
"1235",395,7,"Fresno State",10,"L"
"396",396,7,"Bowling Green State",37,"W"
"1236",396,7,"Miami OH",12,"L"
"397",397,7,"California",31,"W"
"1237",397,7,"Washington State",17,"L"
"398",398,7,"Central Florida",38,"W"
"1238",398,7,"Southern Mississippi",31,"L"
"399",399,7,"Cincinnati",49,"W"
"1239",399,7,"Fordham",17,"L"
"400",400,7,"East Carolina",41,"W"
"1240",400,7,"Memphis",7,"L"
"401",401,7,"Florida",31,"W"
"1241",401,7,"Vanderbilt",17,"L"
"402",402,7,"Florida State",51,"W"
"1242",402,7,"Boston College",7,"L"
"403",403,7,"Houston",39,"W"
"1243",403,7,"Alabama-Birmingham",17,"L"
"404",404,7,"Iowa",19,"W"
"1244",404,7,"Michigan State",16,"L"
"405",405,7,"Kansas State",27,"W"
"1245",405,7,"Iowa State",21,"L"
"406",406,7,"Kent State",31,"W"
"1246",406,7,"Army",17,"L"
"407",407,7,"Louisiana State",23,"W"
"1247",407,7,"South Carolina",21,"L"
"408",408,7,"Louisiana-Monroe",35,"W"
"1248",408,7,"Florida Atlantic",14,"L"
"409",409,7,"Louisville",45,"W"
"1249",409,7,"Pittsburgh",35,"L"
"410",410,7,"Maryland",27,"W"
"1250",410,7,"Virginia",20,"L"
"411",411,7,"Michigan",45,"W"
"1251",411,7,"Illinois",0,"L"
"412",412,7,"Middle Tennessee State",34,"W"
"1252",412,7,"Florida International",30,"L"
"413",413,7,"Mississippi",41,"W"
"1253",413,7,"Auburn",20,"L"
"414",414,7,"Mississippi State",41,"W"
"1254",414,7,"Tennessee",31,"L"
"415",415,7,"Nevada",42,"W"
"1255",415,7,"Nevada-Las Vegas",37,"L"
"416",416,7,"New Mexico",35,"W"
"1256",416,7,"Hawaii",23,"L"
"417",417,7,"North Carolina",18,"W"
"1257",417,7,"Miami FL",14,"L"
"418",418,7,"Northern Illinois",45,"W"
"1258",418,7,"Buffalo",3,"L"
"419",419,7,"Northwestern",21,"W"
"1259",419,7,"Minnesota",13,"L"
"420",420,7,"Notre Dame",20,"W"
"1260",420,7,"Stanford",13,"L"
"421",421,7,"Ohio",34,"W"
"1261",421,7,"Akron",28,"L"
"422",422,7,"Ohio State",52,"W"
"1262",422,7,"Indiana",49,"L"
"423",423,7,"Oklahoma",63,"W"
"1263",423,7,"Texas",21,"L"
"424",424,7,"Oklahoma State",20,"W"
"1264",424,7,"Kansas",14,"L"
"425",425,7,"Oregon State",42,"W"
"1265",425,7,"Brigham Young",24,"L"
"426",426,7,"Rice",34,"W"
"1266",426,7,"Texas-San Antonio",14,"L"
"427",427,7,"Rutgers",23,"W"
"1267",427,7,"Syracuse",15,"L"
"428",428,7,"San Diego State",38,"W"
"1268",428,7,"Colorado State",14,"L"
"429",429,7,"Southern California",24,"W"
"1269",429,7,"Washington",14,"L"
"430",430,7,"Temple",17,"W"
"1270",430,7,"Connecticut",14,"L"
"431",431,7,"Texas A&M",59,"W"
"1271",431,7,"Louisiana Tech",57,"L"
"432",432,7,"Texas Christian",49,"W"
"1272",432,7,"Baylor",21,"L"
"433",433,7,"Texas State",38,"W"
"1273",433,7,"Idaho",7,"L"
"434",434,7,"Texas Tech",49,"W"
"1274",434,7,"West Virginia",14,"L"
"435",435,7,"Toledo",52,"W"
"1275",435,7,"Eastern Michigan",47,"L"
"436",436,7,"Tulane",27,"W"
"1276",436,7,"Southern Methodist",26,"L"
"437",437,7,"UCLA",21,"W"
"1277",437,7,"Utah",14,"L"
"438",438,7,"Utah State",49,"W"
"1278",438,7,"San Jose State",27,"L"
"439",439,7,"Virginia Tech",41,"W"
"1279",439,7,"Duke",20,"L"
"440",440,7,"Wisconsin",38,"W"
"1280",440,7,"Purdue",14,"L"
"441",441,8,"North Texas",30,"W"
"1281",441,8,"Louisiana-Lafayette",23,"L"
"442",442,8,"Oregon",43,"W"
"1282",442,8,"Arizona State",21,"L"
"443",443,8,"Southern Methodist",72,"W"
"1283",443,8,"Houston",42,"L"
"444",444,8,"Syracuse",40,"W"
"1284",444,8,"Connecticut",10,"L"
"445",445,8,"Air Force",28,"W"
"1285",445,8,"New Mexico",23,"L"
"446",446,8,"Alabama",44,"W"
"1286",446,8,"Tennessee",13,"L"
"447",447,8,"Arizona",52,"W"
"1287",447,8,"Washington",17,"L"
"448",448,8,"Ball State",41,"W"
"1288",448,8,"Central Michigan",30,"L"
"449",449,8,"Boise State",32,"W"
"1289",449,8,"Nevada-Las Vegas",7,"L"
"450",450,8,"Bowling Green State",24,"W"
"1290",450,8,"Massachusetts",0,"L"
"451",451,8,"Central Florida",35,"W"
"1291",451,8,"Memphis",17,"L"
"452",452,8,"Clemson",38,"W"
"1292",452,8,"Virginia Tech",17,"L"
"453",453,8,"Duke",33,"W"
"1293",453,8,"North Carolina",30,"L"
"454",454,8,"East Carolina",42,"W"
"1294",454,8,"Alabama-Birmingham",35,"L"
"455",455,8,"Eastern Michigan",48,"W"
"1295",455,8,"Army",38,"L"
"456",456,8,"Florida",44,"W"
"1296",456,8,"South Carolina",11,"L"
"457",457,8,"Florida State",33,"W"
"1297",457,8,"Miami FL",20,"L"
"458",458,8,"Fresno State",42,"W"
"1298",458,8,"Wyoming",14,"L"
"459",459,8,"Georgia",29,"W"
"1299",459,8,"Kentucky",24,"L"
"460",460,8,"Georgia Tech",37,"W"
"1300",460,8,"Boston College",17,"L"
"461",461,8,"Kansas State",55,"W"
"1301",461,8,"West Virginia",14,"L"
"462",462,8,"Kent State",41,"W"
"1302",462,8,"Western Michigan",24,"L"
"463",463,8,"Louisiana State",24,"W"
"1303",463,8,"Texas A&M",19,"L"
"464",464,8,"Louisiana Tech",70,"W"
"1304",464,8,"Idaho",28,"L"
"465",465,8,"Louisiana-Monroe",43,"W"
"1305",465,8,"Western Kentucky",42,"L"
"466",466,8,"Louisville",27,"W"
"1306",466,8,"South Florida",25,"L"
"467",467,8,"Marshall",59,"W"
"1307",467,8,"Southern Mississippi",24,"L"
"468",468,8,"Michigan",12,"W"
"1308",468,8,"Michigan State",10,"L"
"469",469,8,"Mississippi State",45,"W"
"1309",469,8,"Middle Tennessee State",3,"L"
"470",470,8,"Navy",31,"W"
"1310",470,8,"Indiana",30,"L"
"471",471,8,"Nebraska",29,"W"
"1311",471,8,"Northwestern",28,"L"
"472",472,8,"North Carolina State",20,"W"
"1312",472,8,"Maryland",18,"L"
"473",473,8,"Northern Illinois",37,"W"
"1313",473,8,"Akron",7,"L"
"474",474,8,"Notre Dame",17,"W"
"1314",474,8,"Brigham Young",14,"L"
"475",475,8,"Ohio State",29,"W"
"1315",475,8,"Purdue",22,"L"
"476",476,8,"Oklahoma",52,"W"
"1316",476,8,"Kansas",7,"L"
"477",477,8,"Oklahoma State",31,"W"
"1317",477,8,"Iowa State",10,"L"
"478",478,8,"Oregon State",21,"W"
"1318",478,8,"Utah",7,"L"
"479",479,8,"Penn State",38,"W"
"1319",479,8,"Iowa",14,"L"
"480",480,8,"Pittsburgh",20,"W"
"1320",480,8,"Buffalo",6,"L"
"481",481,8,"Rutgers",35,"W"
"1321",481,8,"Temple",10,"L"
"482",482,8,"San Diego State",39,"W"
"1322",482,8,"Nevada",38,"L"
"483",483,8,"San Jose State",52,"W"
"1323",483,8,"Texas-San Antonio",24,"L"
"484",484,8,"South Alabama",37,"W"
"1324",484,8,"Florida Atlantic",34,"L"
"485",485,8,"Southern California",50,"W"
"1325",485,8,"Colorado",6,"L"
"486",486,8,"Stanford",21,"W"
"1326",486,8,"California",3,"L"
"487",487,8,"Texas",56,"W"
"1327",487,8,"Baylor",50,"L"
"488",488,8,"Texas Tech",56,"W"
"1328",488,8,"Texas Christian",53,"L"
"489",489,8,"Texas-El Paso",24,"W"
"1329",489,8,"Tulane",20,"L"
"490",490,8,"Toledo",29,"W"
"1330",490,8,"Cincinnati",23,"L"
"491",491,8,"Troy",38,"W"
"1331",491,8,"Florida International",37,"L"
"492",492,8,"Tulsa",28,"W"
"1332",492,8,"Rice",24,"L"
"493",493,8,"Utah State",41,"W"
"1333",493,8,"New Mexico State",7,"L"
"494",494,8,"Vanderbilt",17,"W"
"1334",494,8,"Auburn",13,"L"
"495",495,8,"Wake Forest",16,"W"
"1335",495,8,"Virginia",10,"L"
"496",496,8,"Wisconsin",38,"W"
"1336",496,8,"Minnesota",13,"L"
"497",497,9,"Arkansas State",50,"W"
"1337",497,9,"Louisiana-Lafayette",27,"L"
"498",498,9,"Clemson",42,"W"
"1338",498,9,"Wake Forest",13,"L"
"499",499,9,"Air Force",48,"W"
"1339",499,9,"Nevada",31,"L"
"500",500,9,"Louisville",34,"W"
"1340",500,9,"Cincinnati",31,"L"
"501",501,9,"Alabama",38,"W"
"1341",501,9,"Mississippi State",7,"L"
"502",502,9,"Arizona",39,"W"
"1342",502,9,"Southern California",36,"L"
"503",503,9,"Ball State",30,"W"
"1343",503,9,"Army",22,"L"
"504",504,9,"Boise State",45,"W"
"1344",504,9,"Wyoming",14,"L"
"505",505,9,"Boston College",20,"W"
"1345",505,9,"Maryland",17,"L"
"506",506,9,"Bowling Green State",24,"W"
"1346",506,9,"Eastern Michigan",3,"L"
"507",507,9,"Brigham Young",41,"W"
"1347",507,9,"Georgia Tech",17,"L"
"508",508,9,"Central Florida",54,"W"
"1348",508,9,"Marshall",17,"L"
"509",509,9,"Central Michigan",35,"W"
"1349",509,9,"Akron",14,"L"
"510",510,9,"Colorado State",42,"W"
"1350",510,9,"Hawaii",27,"L"
"511",511,9,"Florida Atlantic",34,"W"
"1351",511,9,"Troy",27,"L"
"512",512,9,"Florida State",48,"W"
"1352",512,9,"Duke",7,"L"
"513",513,9,"Fresno State",49,"W"
"1353",513,9,"New Mexico",32,"L"
"514",514,9,"Georgia",17,"W"
"1354",514,9,"Florida",9,"L"
"515",515,9,"Houston",45,"W"
"1355",515,9,"Texas-El Paso",35,"L"
"516",516,9,"Indiana",31,"W"
"1356",516,9,"Illinois",17,"L"
"517",517,9,"Iowa State",35,"W"
"1357",517,9,"Baylor",21,"L"
"518",518,9,"Kansas State",55,"W"
"1358",518,9,"Texas Tech",24,"L"
"519",519,9,"Kent State",35,"W"
"1359",519,9,"Rutgers",23,"L"
"520",520,9,"Louisiana Tech",28,"W"
"1360",520,9,"New Mexico State",14,"L"
"521",521,9,"Louisiana-Monroe",38,"W"
"1361",521,9,"South Alabama",24,"L"
"522",522,9,"Miami OH",23,"W"
"1362",522,9,"Ohio",20,"L"
"523",523,9,"Michigan State",16,"W"
"1363",523,9,"Wisconsin",13,"L"
"524",524,9,"Middle Tennessee State",38,"W"
"1364",524,9,"North Texas",21,"L"
"525",525,9,"Minnesota",44,"W"
"1365",525,9,"Purdue",28,"L"
"526",526,9,"Mississippi",30,"W"
"1366",526,9,"Arkansas",27,"L"
"527",527,9,"Missouri",33,"W"
"1367",527,9,"Kentucky",10,"L"
"528",528,9,"Navy",56,"W"
"1368",528,9,"East Carolina",28,"L"
"529",529,9,"Nebraska",23,"W"
"1369",529,9,"Michigan",9,"L"
"530",530,9,"North Carolina",43,"W"
"1370",530,9,"North Carolina State",35,"L"
"531",531,9,"Northern Illinois",48,"W"
"1371",531,9,"Western Michigan",34,"L"
"532",532,9,"Northwestern",28,"W"
"1372",532,9,"Iowa",17,"L"
"533",533,9,"Notre Dame",30,"W"
"1373",533,9,"Oklahoma",13,"L"
"534",534,9,"Ohio State",35,"W"
"1374",534,9,"Penn State",23,"L"
"535",535,9,"Oklahoma State",36,"W"
"1375",535,9,"Texas Christian",14,"L"
"536",536,9,"Oregon",70,"W"
"1376",536,9,"Colorado",14,"L"
"537",537,9,"Pittsburgh",47,"W"
"1377",537,9,"Temple",17,"L"
"538",538,9,"Rice",44,"W"
"1378",538,9,"Southern Mississippi",17,"L"
"539",539,9,"San Diego State",24,"W"
"1379",539,9,"Nevada-Las Vegas",13,"L"
"540",540,9,"San Jose State",31,"W"
"1380",540,9,"Texas State",20,"L"
"541",541,9,"South Carolina",38,"W"
"1381",541,9,"Tennessee",35,"L"
"542",542,9,"Southern Methodist",44,"W"
"1382",542,9,"Memphis",13,"L"
"543",543,9,"Stanford",24,"W"
"1383",543,9,"Washington State",17,"L"
"544",544,9,"Syracuse",37,"W"
"1384",544,9,"South Florida",36,"L"
"545",545,9,"Texas",21,"W"
"1385",545,9,"Kansas",17,"L"
"546",546,9,"Texas A&M",63,"W"
"1386",546,9,"Auburn",21,"L"
"547",547,9,"Toledo",25,"W"
"1387",547,9,"Buffalo",20,"L"
"548",548,9,"Tulane",55,"W"
"1388",548,9,"Alabama-Birmingham",45,"L"
"549",549,9,"UCLA",45,"W"
"1389",549,9,"Arizona State",43,"L"
"550",550,9,"Utah",49,"W"
"1390",550,9,"California",27,"L"
"551",551,9,"Utah State",48,"W"
"1391",551,9,"Texas-San Antonio",17,"L"
"552",552,9,"Vanderbilt",49,"W"
"1392",552,9,"Massachusetts",7,"L"
"553",553,9,"Washington",20,"W"
"1393",553,9,"Oregon State",17,"L"
"554",554,9,"Western Kentucky",14,"W"
"1394",554,9,"Florida International",6,"L"
"555",555,10,"Miami FL",30,"W"
"1395",555,10,"Virginia Tech",12,"L"
"556",556,10,"Middle Tennessee State",34,"W"
"1396",556,10,"Western Kentucky",29,"L"
"557",557,10,"Ohio",45,"W"
"1397",557,10,"Eastern Michigan",14,"L"
"558",558,10,"Washington",21,"W"
"1398",558,10,"California",13,"L"
"559",559,10,"Alabama",21,"W"
"1399",559,10,"Louisiana State",17,"L"
"560",560,10,"Alabama-Birmingham",27,"W"
"1400",560,10,"Southern Mississippi",19,"L"
"561",561,10,"Arkansas",19,"W"
"1401",561,10,"Tulsa",15,"L"
"562",562,10,"Arkansas State",37,"W"
"1402",562,10,"North Texas",19,"L"
"563",563,10,"Army",41,"W"
"1403",563,10,"Air Force",21,"L"
"564",564,10,"Auburn",42,"W"
"1404",564,10,"New Mexico State",7,"L"
"565",565,10,"Baylor",41,"W"
"1405",565,10,"Kansas",14,"L"
"566",566,10,"Buffalo",27,"W"
"1406",566,10,"Miami OH",24,"L"
"567",567,10,"Central Florida",42,"W"
"1407",567,10,"Southern Methodist",17,"L"
"568",568,10,"Cincinnati",35,"W"
"1408",568,10,"Syracuse",24,"L"
"569",569,10,"Clemson",56,"W"
"1409",569,10,"Duke",20,"L"
"570",570,10,"East Carolina",48,"W"
"1410",570,10,"Houston",28,"L"
"571",571,10,"Florida",14,"W"
"1411",571,10,"Missouri",7,"L"
"572",572,10,"Florida International",28,"W"
"1412",572,10,"South Alabama",20,"L"
"573",573,10,"Fresno State",45,"W"
"1413",573,10,"Hawaii",10,"L"
"574",574,10,"Georgia",37,"W"
"1414",574,10,"Mississippi",10,"L"
"575",575,10,"Georgia Tech",33,"W"
"1415",575,10,"Maryland",13,"L"
"576",576,10,"Indiana",24,"W"
"1416",576,10,"Iowa",21,"L"
"577",577,10,"Kansas State",44,"W"
"1417",577,10,"Oklahoma State",30,"L"
"578",578,10,"Kent State",35,"W"
"1418",578,10,"Akron",24,"L"
"579",579,10,"Louisiana Tech",51,"W"
"1419",579,10,"Texas-San Antonio",27,"L"
"580",580,10,"Louisiana-Lafayette",40,"W"
"1420",580,10,"Louisiana-Monroe",24,"L"
"581",581,10,"Louisville",45,"W"
"1421",581,10,"Temple",17,"L"
"582",582,10,"Marshall",38,"W"
"1422",582,10,"Memphis",28,"L"
"583",583,10,"Michigan",35,"W"
"1423",583,10,"Minnesota",13,"L"
"584",584,10,"Navy",24,"W"
"1424",584,10,"Florida Atlantic",17,"L"
"585",585,10,"Nebraska",28,"W"
"1425",585,10,"Michigan State",24,"L"
"586",586,10,"Nevada-Las Vegas",35,"W"
"1426",586,10,"New Mexico",7,"L"
"587",587,10,"Northern Illinois",63,"W"
"1427",587,10,"Massachusetts",0,"L"
"588",588,10,"Notre Dame",29,"W"
"1428",588,10,"Pittsburgh",26,"L"
"589",589,10,"Ohio State",52,"W"
"1429",589,10,"Illinois",22,"L"
"590",590,10,"Oklahoma",35,"W"
"1430",590,10,"Iowa State",20,"L"
"591",591,10,"Oregon",62,"W"
"1431",591,10,"Southern California",51,"L"
"592",592,10,"Oregon State",36,"W"
"1432",592,10,"Arizona State",26,"L"
"593",593,10,"Penn State",34,"W"
"1433",593,10,"Purdue",9,"L"
"594",594,10,"Rice",49,"W"
"1434",594,10,"Tulane",47,"L"
"595",595,10,"San Diego State",21,"W"
"1435",595,10,"Boise State",19,"L"
"596",596,10,"San Jose State",42,"W"
"1436",596,10,"Idaho",13,"L"
"597",597,10,"South Florida",13,"W"
"1437",597,10,"Connecticut",6,"L"
"598",598,10,"Stanford",48,"W"
"1438",598,10,"Colorado",0,"L"
"599",599,10,"Tennessee",55,"W"
"1439",599,10,"Troy",48,"L"
"600",600,10,"Texas",31,"W"
"1440",600,10,"Texas Tech",22,"L"
"601",601,10,"Texas A&M",38,"W"
"1441",601,10,"Mississippi State",13,"L"
"602",602,10,"Texas Christian",39,"W"
"1442",602,10,"West Virginia",38,"L"
"603",603,10,"UCLA",66,"W"
"1443",603,10,"Arizona",10,"L"
"604",604,10,"Utah",49,"W"
"1444",604,10,"Washington State",6,"L"
"605",605,10,"Utah State",38,"W"
"1445",605,10,"Texas State",7,"L"
"606",606,10,"Vanderbilt",40,"W"
"1446",606,10,"Kentucky",0,"L"
"607",607,10,"Virginia",33,"W"
"1447",607,10,"North Carolina State",6,"L"
"608",608,10,"Wake Forest",28,"W"
"1448",608,10,"Boston College",14,"L"
"609",609,10,"Western Michigan",42,"W"
"1449",609,10,"Central Michigan",31,"L"
"610",610,10,"Wyoming",45,"W"
"1450",610,10,"Colorado State",31,"L"
"611",611,11,"Ball State",34,"W"
"1451",611,11,"Toledo",27,"L"
"612",612,11,"Bowling Green State",26,"W"
"1452",612,11,"Ohio",14,"L"
"613",613,11,"Arkansas State",45,"W"
"1453",613,11,"Louisiana-Monroe",23,"L"
"614",614,11,"Florida State",28,"W"
"1454",614,11,"Virginia Tech",22,"L"
"615",615,11,"Connecticut",24,"W"
"1455",615,11,"Pittsburgh",17,"L"
"616",616,11,"Alabama-Birmingham",38,"W"
"1456",616,11,"Marshall",31,"L"
"617",617,11,"Arizona",56,"W"
"1457",617,11,"Colorado",31,"L"
"618",618,11,"Boise State",49,"W"
"1458",618,11,"Hawaii",14,"L"
"619",619,11,"Brigham Young",52,"W"
"1459",619,11,"Idaho",13,"L"
"620",620,11,"Buffalo",29,"W"
"1460",620,11,"Western Michigan",24,"L"
"621",621,11,"Central Florida",31,"W"
"1461",621,11,"Texas-El Paso",24,"L"
"622",622,11,"Central Michigan",34,"W"
"1462",622,11,"Eastern Michigan",31,"L"
"623",623,11,"Cincinnati",34,"W"
"1463",623,11,"Temple",10,"L"
"624",624,11,"Clemson",45,"W"
"1464",624,11,"Maryland",10,"L"
"625",625,11,"Colorado State",33,"W"
"1465",625,11,"Nevada-Las Vegas",11,"L"
"626",626,11,"Florida",27,"W"
"1466",626,11,"Louisiana-Lafayette",20,"L"
"627",627,11,"Florida Atlantic",37,"W"
"1467",627,11,"Western Kentucky",28,"L"
"628",628,11,"Fresno State",52,"W"
"1468",628,11,"Nevada",36,"L"
"629",629,11,"Georgia",38,"W"
"1469",629,11,"Auburn",0,"L"
"630",630,11,"Georgia Tech",68,"W"
"1470",630,11,"North Carolina",50,"L"
"631",631,11,"Kansas State",23,"W"
"1471",631,11,"Texas Christian",10,"L"
"632",632,11,"Kent State",48,"W"
"1472",632,11,"Miami OH",32,"L"
"633",633,11,"Louisiana State",37,"W"
"1473",633,11,"Mississippi State",17,"L"
"634",634,11,"Louisiana Tech",62,"W"
"1474",634,11,"Texas State",55,"L"
"635",635,11,"Massachusetts",22,"W"
"1475",635,11,"Akron",14,"L"
"636",636,11,"Memphis",37,"W"
"1476",636,11,"Tulane",23,"L"
"637",637,11,"Michigan",38,"W"
"1477",637,11,"Northwestern",31,"L"
"638",638,11,"Minnesota",17,"W"
"1478",638,11,"Illinois",3,"L"
"639",639,11,"Missouri",51,"W"
"1479",639,11,"Tennessee",48,"L"
"640",640,11,"Nebraska",32,"W"
"1480",640,11,"Penn State",23,"L"
"641",641,11,"North Carolina State",37,"W"
"1481",641,11,"Wake Forest",6,"L"
"642",642,11,"North Texas",24,"W"
"1482",642,11,"South Alabama",14,"L"
"643",643,11,"Notre Dame",21,"W"
"1483",643,11,"Boston College",6,"L"
"644",644,11,"Oklahoma",42,"W"
"1484",644,11,"Baylor",34,"L"
"645",645,11,"Oklahoma State",55,"W"
"1485",645,11,"West Virginia",34,"L"
"646",646,11,"Oregon",59,"W"
"1486",646,11,"California",17,"L"
"647",647,11,"Purdue",27,"W"
"1487",647,11,"Iowa",24,"L"
"648",648,11,"Rutgers",28,"W"
"1488",648,11,"Army",7,"L"
"649",649,11,"San Diego State",28,"W"
"1489",649,11,"Air Force",9,"L"
"650",650,11,"San Jose State",47,"W"
"1490",650,11,"New Mexico State",7,"L"
"651",651,11,"South Carolina",38,"W"
"1491",651,11,"Arkansas",20,"L"
"652",652,11,"Southern California",38,"W"
"1492",652,11,"Arizona State",17,"L"
"653",653,11,"Southern Methodist",34,"W"
"1493",653,11,"Southern Mississippi",6,"L"
"654",654,11,"Stanford",27,"W"
"1494",654,11,"Oregon State",23,"L"
"655",655,11,"Syracuse",45,"W"
"1495",655,11,"Louisville",26,"L"
"656",656,11,"Texas",33,"W"
"1496",656,11,"Iowa State",7,"L"
"657",657,11,"Texas A&M",29,"W"
"1497",657,11,"Alabama",24,"L"
"658",658,11,"Texas Tech",41,"W"
"1498",658,11,"Kansas",34,"L"
"659",659,11,"Texas-San Antonio",31,"W"
"1499",659,11,"McNeese State",24,"L"
"660",660,11,"Troy",41,"W"
"1500",660,11,"Navy",31,"L"
"661",661,11,"Tulsa",41,"W"
"1501",661,11,"Houston",7,"L"
"662",662,11,"UCLA",44,"W"
"1502",662,11,"Washington State",36,"L"
"663",663,11,"Vanderbilt",27,"W"
"1503",663,11,"Mississippi",26,"L"
"664",664,11,"Virginia",41,"W"
"1504",664,11,"Miami FL",40,"L"
"665",665,11,"Washington",34,"W"
"1505",665,11,"Utah",15,"L"
"666",666,11,"Wisconsin",62,"W"
"1506",666,11,"Indiana",14,"L"
"667",667,11,"Wyoming",28,"W"
"1507",667,11,"New Mexico",23,"L"
"668",668,12,"Ball State",52,"W"
"1508",668,12,"Ohio",27,"L"
"669",669,12,"Northern Illinois",31,"W"
"1509",669,12,"Toledo",24,"L"
"670",670,12,"North Carolina",37,"W"
"1510",670,12,"Virginia",13,"L"
"671",671,12,"Air Force",21,"W"
"1511",671,12,"Hawaii",7,"L"
"672",672,12,"Florida International",34,"W"
"1512",672,12,"Florida Atlantic",24,"L"
"673",673,12,"Alabama",49,"W"
"1513",673,12,"Western Carolina",0,"L"
"674",674,12,"Arizona",34,"W"
"1514",674,12,"Utah",24,"L"
"675",675,12,"Arizona State",46,"W"
"1515",675,12,"Washington State",7,"L"
"676",676,12,"Arkansas State",41,"W"
"1516",676,12,"Troy",34,"L"
"677",677,12,"Auburn",51,"W"
"1517",677,12,"Alabama A&M",7,"L"
"678",678,12,"Baylor",52,"W"
"1518",678,12,"Kansas State",24,"L"
"679",679,12,"Boise State",42,"W"
"1519",679,12,"Colorado State",14,"L"
"680",680,12,"Buffalo",29,"W"
"1520",680,12,"Massachusetts",19,"L"
"681",681,12,"Central Michigan",30,"W"
"1521",681,12,"Miami OH",16,"L"
"682",682,12,"Clemson",62,"W"
"1522",682,12,"North Carolina State",48,"L"
"683",683,12,"East Carolina",28,"W"
"1523",683,12,"Tulane",23,"L"
"684",684,12,"Eastern Michigan",29,"W"
"1524",684,12,"Western Michigan",23,"L"
"685",685,12,"Florida",23,"W"
"1525",685,12,"Jacksonville State",0,"L"
"686",686,12,"Florida State",41,"W"
"1526",686,12,"Maryland",14,"L"
"687",687,12,"Georgia",45,"W"
"1527",687,12,"Georgia Southern",14,"L"
"688",688,12,"Georgia Tech",42,"W"
"1528",688,12,"Duke",24,"L"
"689",689,12,"Iowa State",51,"W"
"1529",689,12,"Kansas",23,"L"
"690",690,12,"Kent State",31,"W"
"1530",690,12,"Bowling Green State",24,"L"
"691",691,12,"Kentucky",34,"W"
"1531",691,12,"Samford",3,"L"
"692",692,12,"Louisiana State",41,"W"
"1532",692,12,"Mississippi",35,"L"
"693",693,12,"Louisiana-Lafayette",31,"W"
"1533",693,12,"Western Kentucky",27,"L"
"694",694,12,"Louisiana-Monroe",42,"W"
"1534",694,12,"North Texas",16,"L"
"695",695,12,"Marshall",44,"W"
"1535",695,12,"Houston",41,"L"
"696",696,12,"Memphis",46,"W"
"1536",696,12,"Alabama-Birmingham",9,"L"
"697",697,12,"Miami FL",40,"W"
"1537",697,12,"South Florida",9,"L"
"698",698,12,"Michigan",42,"W"
"1538",698,12,"Iowa",17,"L"
"699",699,12,"Middle Tennessee State",20,"W"
"1539",699,12,"South Alabama",12,"L"
"700",700,12,"Mississippi State",45,"W"
"1540",700,12,"Arkansas",14,"L"
"701",701,12,"Navy",21,"W"
"1541",701,12,"Texas State",10,"L"
"702",702,12,"Nebraska",38,"W"
"1542",702,12,"Minnesota",14,"L"
"703",703,12,"Nevada",31,"W"
"1543",703,12,"New Mexico",24,"L"
"704",704,12,"Northwestern",23,"W"
"1544",704,12,"Michigan State",20,"L"
"705",705,12,"Notre Dame",38,"W"
"1545",705,12,"Wake Forest",0,"L"
"706",706,12,"Ohio State",21,"W"
"1546",706,12,"Wisconsin",14,"L"
"707",707,12,"Oklahoma",50,"W"
"1547",707,12,"West Virginia",49,"L"
"708",708,12,"Oklahoma State",59,"W"
"1548",708,12,"Texas Tech",21,"L"
"709",709,12,"Oregon State",62,"W"
"1549",709,12,"California",14,"L"
"710",710,12,"Penn State",45,"W"
"1550",710,12,"Indiana",22,"L"
"711",711,12,"Purdue",20,"W"
"1551",711,12,"Illinois",17,"L"
"712",712,12,"Rice",36,"W"
"1552",712,12,"Southern Methodist",20,"L"
"713",713,12,"Rutgers",10,"W"
"1553",713,12,"Cincinnati",3,"L"
"714",714,12,"San Jose State",20,"W"
"1554",714,12,"Brigham Young",14,"L"
"715",715,12,"South Carolina",24,"W"
"1555",715,12,"Wofford",7,"L"
"716",716,12,"Stanford",17,"W"
"1556",716,12,"Oregon",14,"L"
"717",717,12,"Syracuse",31,"W"
"1557",717,12,"Missouri",27,"L"
"718",718,12,"Temple",63,"W"
"1558",718,12,"Army",32,"L"
"719",719,12,"Texas A&M",47,"W"
"1559",719,12,"Sam Houston State",28,"L"
"720",720,12,"Texas-El Paso",34,"W"
"1560",720,12,"Southern Mississippi",33,"L"
"721",721,12,"Texas-San Antonio",34,"W"
"1561",721,12,"Idaho",27,"L"
"722",722,12,"Tulsa",23,"W"
"1562",722,12,"Central Florida",21,"L"
"723",723,12,"UCLA",38,"W"
"1563",723,12,"Southern California",28,"L"
"724",724,12,"Utah State",48,"W"
"1564",724,12,"Louisiana Tech",41,"L"
"725",725,12,"Vanderbilt",41,"W"
"1565",725,12,"Tennessee",18,"L"
"726",726,12,"Virginia Tech",30,"W"
"1566",726,12,"Boston College",23,"L"
"727",727,12,"Washington",38,"W"
"1567",727,12,"Colorado",3,"L"
"728",728,12,"Wyoming",28,"W"
"1568",728,12,"Nevada-Las Vegas",23,"L"
"729",729,13,"Toledo",35,"W"
"1569",729,13,"Akron",23,"L"
"730",730,13,"Texas Christian",20,"W"
"1570",730,13,"Texas",13,"L"
"731",731,13,"Arizona State",41,"W"
"1571",731,13,"Arizona",34,"L"
"732",732,13,"Ball State",31,"W"
"1572",732,13,"Miami OH",24,"L"
"733",733,13,"Bowling Green State",21,"W"
"1573",733,13,"Buffalo",7,"L"
"734",734,13,"Central Michigan",42,"W"
"1574",734,13,"Massachusetts",21,"L"
"735",735,13,"Cincinnati",27,"W"
"1575",735,13,"South Florida",10,"L"
"736",736,13,"East Carolina",65,"W"
"1576",736,13,"Marshall",59,"L"
"737",737,13,"Kent State",28,"W"
"1577",737,13,"Ohio",6,"L"
"738",738,13,"Louisiana State",20,"W"
"1578",738,13,"Arkansas",13,"L"
"739",739,13,"Nebraska",13,"W"
"1579",739,13,"Iowa",7,"L"
"740",740,13,"Northern Illinois",49,"W"
"1580",740,13,"Eastern Michigan",7,"L"
"741",741,13,"Syracuse",38,"W"
"1581",741,13,"Temple",20,"L"
"742",742,13,"Utah",42,"W"
"1582",742,13,"Colorado",35,"L"
"743",743,13,"Washington State",31,"W"
"1583",743,13,"Washington",28,"L"
"744",744,13,"West Virginia",31,"W"
"1584",744,13,"Iowa State",24,"L"
"745",745,13,"Alabama",49,"W"
"1585",745,13,"Auburn",0,"L"
"746",746,13,"Baylor",52,"W"
"1586",746,13,"Texas Tech",45,"L"
"747",747,13,"Brigham Young",50,"W"
"1587",747,13,"New Mexico State",14,"L"
"748",748,13,"Central Florida",49,"W"
"1588",748,13,"Alabama-Birmingham",24,"L"
"749",749,13,"Colorado State",24,"W"
"1589",749,13,"New Mexico",20,"L"
"750",750,13,"Connecticut",23,"W"
"1590",750,13,"Louisville",20,"L"
"751",751,13,"Florida",37,"W"
"1591",751,13,"Florida State",26,"L"
"752",752,13,"Fresno State",48,"W"
"1592",752,13,"Air Force",15,"L"
"753",753,13,"Georgia",42,"W"
"1593",753,13,"Georgia Tech",10,"L"
"754",754,13,"Hawaii",48,"W"
"1594",754,13,"Nevada-Las Vegas",10,"L"
"755",755,13,"Houston",40,"W"
"1595",755,13,"Tulane",17,"L"
"756",756,13,"Louisiana-Lafayette",52,"W"
"1596",756,13,"South Alabama",30,"L"
"757",757,13,"Louisiana-Monroe",23,"W"
"1597",757,13,"Florida International",17,"L"
"758",758,13,"Memphis",42,"W"
"1598",758,13,"Southern Mississippi",24,"L"
"759",759,13,"Miami FL",52,"W"
"1599",759,13,"Duke",45,"L"
"760",760,13,"Michigan State",26,"W"
"1600",760,13,"Minnesota",10,"L"
"761",761,13,"Middle Tennessee State",24,"W"
"1601",761,13,"Troy",21,"L"
"762",762,13,"Mississippi",41,"W"
"1602",762,13,"Mississippi State",24,"L"
"763",763,13,"North Carolina",45,"W"
"1603",763,13,"Maryland",38,"L"
"764",764,13,"North Carolina State",27,"W"
"1604",764,13,"Boston College",10,"L"
"765",765,13,"Northwestern",50,"W"
"1605",765,13,"Illinois",14,"L"
"766",766,13,"Notre Dame",22,"W"
"1606",766,13,"Southern California",13,"L"
"767",767,13,"Ohio State",26,"W"
"1607",767,13,"Michigan",21,"L"
"768",768,13,"Oklahoma",51,"W"
"1608",768,13,"Oklahoma State",48,"L"
"769",769,13,"Oregon",48,"W"
"1609",769,13,"Oregon State",24,"L"
"770",770,13,"Penn State",24,"W"
"1610",770,13,"Wisconsin",21,"L"
"771",771,13,"Pittsburgh",27,"W"
"1611",771,13,"Rutgers",6,"L"
"772",772,13,"Purdue",56,"W"
"1612",772,13,"Indiana",35,"L"
"773",773,13,"Rice",33,"W"
"1613",773,13,"Texas-El Paso",24,"L"
"774",774,13,"San Diego State",42,"W"
"1614",774,13,"Wyoming",28,"L"
"775",775,13,"San Jose State",52,"W"
"1615",775,13,"Louisiana Tech",43,"L"
"776",776,13,"South Carolina",27,"W"
"1616",776,13,"Clemson",17,"L"
"777",777,13,"Southern Methodist",35,"W"
"1617",777,13,"Tulsa",27,"L"
"778",778,13,"Stanford",35,"W"
"1618",778,13,"UCLA",17,"L"
"779",779,13,"Tennessee",37,"W"
"1619",779,13,"Kentucky",17,"L"
"780",780,13,"Texas A&M",59,"W"
"1620",780,13,"Missouri",29,"L"
"781",781,13,"Texas-San Antonio",38,"W"
"1621",781,13,"Texas State",31,"L"
"782",782,13,"Utah State",45,"W"
"1622",782,13,"Idaho",9,"L"
"783",783,13,"Vanderbilt",55,"W"
"1623",783,13,"Wake Forest",21,"L"
"784",784,13,"Virginia Tech",17,"W"
"1624",784,13,"Virginia",14,"L"
"785",785,13,"Western Kentucky",25,"W"
"1625",785,13,"North Texas",24,"L"
"786",786,14,"Louisville",20,"W"
"1626",786,14,"Rutgers",17,"L"
"787",787,14,"Northern Illinois",44,"W"
"1627",787,14,"Kent State",37,"L"
"788",788,14,"Stanford",27,"W"
"1628",788,14,"UCLA",24,"L"
"789",789,14,"Alabama",32,"W"
"1629",789,14,"Georgia",28,"L"
"790",790,14,"Arkansas State",45,"W"
"1630",790,14,"Middle Tennessee State",0,"L"
"791",791,14,"Baylor",41,"W"
"1631",791,14,"Oklahoma State",34,"L"
"792",792,14,"Boise State",27,"W"
"1632",792,14,"Nevada",21,"L"
"793",793,14,"Cincinnati",34,"W"
"1633",793,14,"Connecticut",17,"L"
"794",794,14,"Florida State",21,"W"
"1634",794,14,"Georgia Tech",15,"L"
"795",795,14,"Hawaii",23,"W"
"1635",795,14,"South Alabama",7,"L"
"796",796,14,"Kansas State",42,"W"
"1636",796,14,"Texas",24,"L"
"797",797,14,"Louisiana-Lafayette",35,"W"
"1637",797,14,"Florida Atlantic",21,"L"
"798",798,14,"Oklahoma",24,"W"
"1638",798,14,"Texas Christian",17,"L"
"799",799,14,"Oregon State",77,"W"
"1639",799,14,"Nicholls State",3,"L"
"800",800,14,"Pittsburgh",27,"W"
"1640",800,14,"South Florida",3,"L"
"801",801,14,"Texas State",66,"W"
"1641",801,14,"New Mexico State",28,"L"
"802",802,14,"Tulsa",33,"W"
"1642",802,14,"Central Florida",27,"L"
"803",803,14,"West Virginia",59,"W"
"1643",803,14,"Kansas",10,"L"
"804",804,14,"Wisconsin",70,"W"
"1644",804,14,"Nebraska",31,"L"
"805",805,15,"Navy",17,"W"
"1645",805,15,"Army",13,"L"
"806",806,16,"Arizona",49,"W"
"1646",806,16,"Nevada",48,"L"
"807",807,16,"Utah State",41,"W"
"1647",807,16,"Toledo",15,"L"
"808",808,17,"Brigham Young",23,"W"
"1648",808,17,"San Diego State",6,"L"
"809",809,17,"Central Florida",38,"W"
"1649",809,17,"Ball State",17,"L"
"810",810,17,"Boise State",28,"W"
"1650",810,17,"Washington",26,"L"
"811",811,17,"Louisiana-Lafayette",43,"W"
"1651",811,17,"East Carolina",34,"L"
"812",812,17,"Southern Methodist",43,"W"
"1652",812,17,"Fresno State",10,"L"
"813",813,18,"Central Michigan",24,"W"
"1653",813,18,"Western Kentucky",21,"L"
"814",814,18,"Baylor",49,"W"
"1654",814,18,"UCLA",26,"L"
"815",815,18,"Cincinnati",48,"W"
"1655",815,18,"Duke",34,"L"
"816",816,18,"San Jose State",29,"W"
"1656",816,18,"Bowling Green State",20,"L"
"817",817,18,"Ohio",45,"W"
"1657",817,18,"Louisiana-Monroe",14,"L"
"818",818,18,"Texas Tech",34,"W"
"1658",818,18,"Minnesota",31,"L"
"819",819,18,"Virginia Tech",13,"W"
"1659",819,18,"Rutgers",10,"L"
"820",820,18,"Arizona State",62,"W"
"1660",820,18,"Navy",28,"L"
"821",821,18,"Michigan State",17,"W"
"1661",821,18,"Texas Christian",16,"L"
"822",822,18,"Rice",33,"W"
"1662",822,18,"Air Force",14,"L"
"823",823,18,"Syracuse",38,"W"
"1663",823,18,"West Virginia",14,"L"
"824",824,18,"Texas",31,"W"
"1664",824,18,"Oregon State",27,"L"
"825",825,19,"Clemson",25,"W"
"1665",825,19,"Louisiana State",24,"L"
"826",826,19,"Georgia Tech",21,"W"
"1666",826,19,"Southern California",7,"L"
"827",827,19,"Tulsa",31,"W"
"1667",827,19,"Iowa State",17,"L"
"828",828,19,"Vanderbilt",38,"W"
"1668",828,19,"North Carolina State",24,"L"
"829",829,20,"Florida State",31,"W"
"1669",829,20,"Northern Illinois",10,"L"
"830",830,20,"Georgia",45,"W"
"1670",830,20,"Nebraska",31,"L"
"831",831,20,"Northwestern",34,"W"
"1671",831,20,"Mississippi State",20,"L"
"832",832,20,"Oklahoma State",58,"W"
"1672",832,20,"Purdue",14,"L"
"833",833,20,"South Carolina",33,"W"
"1673",833,20,"Michigan",28,"L"
"834",834,20,"Stanford",20,"W"
"1674",834,20,"Wisconsin",14,"L"
"835",835,20,"Louisville",33,"W"
"1675",835,20,"Florida",23,"L"
"836",836,20,"Oregon",35,"W"
"1676",836,20,"Kansas State",17,"L"
"837",837,20,"Texas A&M",41,"W"
"1677",837,20,"Oklahoma",13,"L"
"838",838,20,"Mississippi",38,"W"
"1678",838,20,"Pittsburgh",17,"L"
"839",839,20,"Arkansas State",17,"W"
"1679",839,20,"Kent State",13,"L"
"840",840,20,"Alabama",42,"W"
"1680",840,20,"Notre Dame",14,"L"
