"","week","w.rank","winner","w.pts","location","l.rank","loser","l.pts"
"1","1","Unranked","Arizona State","63","","Unranked","Northern Arizona","6"
"2","1","Unranked","Ball State","37","","Unranked","Eastern Michigan","26"
"3","1","Unranked","Brigham Young","30","","Unranked","Washington State","6"
"4","1","Unranked","Central Florida","56","@","Unranked","Akron","14"
"5","1","Unranked","Central Michigan","38","","Unranked","Southeast Missouri State","27"
"6","1","Unranked","Connecticut","37","","Unranked","Massachusetts","0"
"7","1","Unranked","Eastern Washington","20","@","Unranked","Idaho","3"
"8","1","Unranked","Kent State","41","","Unranked","Towson","21"
"9","1","Unranked","McNeese State","27","@","Unranked","Middle Tennessee State","21"
"10","1","Unranked","Minnesota","30","@","Unranked","Nevada-Las Vegas","27"
"11","1","Unranked","New Mexico State","49","","Unranked","Sacramento State","19"
"12","1","9","South Carolina","17","@","Unranked","Vanderbilt","13"
"13","1","Unranked","UCLA","49","@","Unranked","Rice","24"
"14","1","Unranked","Utah","41","","Unranked","Northern Colorado","0"
"15","1","Unranked","Utah State","34","","Unranked","Southern Utah","3"
"16","1","Unranked","Florida Atlantic","7","","Unranked","Wagner","3"
"17","1","13","Michigan State","17","","24","Boise State","13"
"18","1","21","Stanford","20","","Unranked","San Jose State","17"
"19","1","Unranked","Temple","41","","Unranked","Villanova","10"
"20","1","Unranked","Tennessee","35","","Unranked","North Carolina State","21"
"21","1","Unranked","Air Force","49","","Unranked","Idaho State","21"
"22","1","2","Alabama","41","","8","Michigan","14"
"23","1","Unranked","Arizona","24","","Unranked","Toledo","17"
"24","1","10","Arkansas","49","","Unranked","Jacksonville State","24"
"25","1","14","Clemson","26","","Unranked","Auburn","19"
"26","1","Unranked","Colorado State","22","","Unranked","Colorado","17"
"27","1","Unranked","Duke","46","","Unranked","Florida International","26"
"28","1","Unranked","East Carolina","35","","Unranked","Appalachian State","13"
"29","1","23","Florida","27","","Unranked","Bowling Green State","14"
"30","1","7","Florida State","69","","Unranked","Murray State","3"
"31","1","Unranked","Fresno State","37","","Unranked","Weber State","10"
"32","1","6","Georgia","45","","Unranked","Buffalo","23"
"33","1","Unranked","Illinois","24","","Unranked","Western Michigan","7"
"34","1","Unranked","Indiana","24","","Unranked","Indiana State","17"
"35","1","Unranked","Iowa","18","@","Unranked","Northern Illinois","17"
"36","1","Unranked","Iowa State","38","","Unranked","Tulsa","23"
"37","1","Unranked","Kansas","31","","Unranked","South Dakota State","17"
"38","1","22","Kansas State","51","","Unranked","Missouri State","9"
"39","1","3","Louisiana State","41","","Unranked","North Texas","14"
"40","1","Unranked","Louisiana-Lafayette","40","","Unranked","Lamar","0"
"41","1","Unranked","Maryland","7","","Unranked","William & Mary","6"
"42","1","Unranked","Miami FL","41","@","Unranked","Boston College","32"
"43","1","Unranked","Mississippi","49","","Unranked","Central Arkansas","27"
"44","1","Unranked","Mississippi State","56","","Unranked","Jackson State","9"
"45","1","Unranked","Missouri","62","","Unranked","Southeastern Louisiana","10"
"46","1","17","Nebraska","49","","Unranked","Southern Mississippi","20"
"47","1","Unranked","Nevada","31","@","Unranked","California","24"
"48","1","Unranked","New Mexico","66","","Unranked","Southern","21"
"49","1","Unranked","North Carolina","62","","Unranked","Elon","0"
"50","1","Unranked","Northwestern","42","@","Unranked","Syracuse","41"
"51","1","Unranked","Notre Dame","50","","Unranked","Navy","10"
"52","1","Unranked","Ohio","24","@","Unranked","Penn State","14"
"53","1","18","Ohio State","56","","Unranked","Miami OH","10"
"54","1","4","Oklahoma","24","@","Unranked","Texas-El Paso","7"
"55","1","19","Oklahoma State","84","","Unranked","Savannah State","0"
"56","1","5","Oregon","57","","Unranked","Arkansas State","34"
"57","1","Unranked","Purdue","48","","Unranked","Eastern Kentucky","6"
"58","1","Unranked","Rutgers","24","@","Unranked","Tulane","12"
"59","1","Unranked","South Florida","34","","Unranked","Chattanooga","13"
"60","1","1","Southern California","49","","Unranked","Hawaii","10"
"61","1","Unranked","Tennessee-Martin","20","@","Unranked","Memphis","17"
"62","1","15","Texas","37","","Unranked","Wyoming","17"
"63","1","Unranked","Texas State","30","@","Unranked","Houston","13"
"64","1","Unranked","Texas Tech","44","","Unranked","Northwestern State","6"
"65","1","Unranked","Texas-San Antonio","33","@","Unranked","South Alabama","31"
"66","1","Unranked","Troy","39","@","Unranked","Alabama-Birmingham","29"
"67","1","Unranked","Virginia","43","","Unranked","Richmond","19"
"68","1","Unranked","Wake Forest","20","","Unranked","Liberty","17"
"69","1","Unranked","Washington","21","","Unranked","San Diego State","12"
"70","1","11","West Virginia","69","","Unranked","Marshall","34"
"71","1","Unranked","Western Kentucky","49","","Unranked","Austin Peay","10"
"72","1","12","Wisconsin","26","","Unranked","Northern Iowa","21"
"73","1","Unranked","Youngstown State","31","@","Unranked","Pittsburgh","17"
"74","1","Unranked","Baylor","59","","Unranked","Southern Methodist","24"
"75","1","23","Louisville","32","","Unranked","Kentucky","14"
"76","1","15","Virginia Tech","20","","Unranked","Georgia Tech","17"
"77","2","Unranked","Cincinnati","34","","Unranked","Pittsburgh","10"
"78","2","Unranked","Utah State","27","","Unranked","Utah","20"
"79","2","1","Alabama","35","","Unranked","Western Kentucky","0"
"80","2","Unranked","Arizona","59","","18","Oklahoma State","38"
"81","2","Unranked","Arizona State","45","","Unranked","Illinois","14"
"82","2","Unranked","Arkansas State","33","","Unranked","Memphis","28"
"83","2","Unranked","Boston College","34","","Unranked","Maine","3"
"84","2","Unranked","Bowling Green State","21","","Unranked","Idaho","13"
"85","2","Unranked","Brigham Young","45","","Unranked","Weber State","13"
"86","2","Unranked","Buffalo","56","","Unranked","Morgan State","34"
"87","2","Unranked","California","50","","Unranked","Southern Utah","31"
"88","2","12","Clemson","52","","Unranked","Ball State","27"
"89","2","24","Florida","20","@","Unranked","Texas A&M","17"
"90","2","Unranked","Florida International","41","","Unranked","Akron","38"
"91","2","6","Florida State","55","","Unranked","Savannah State","0"
"92","2","7","Georgia","41","@","Unranked","Missouri","20"
"93","2","Unranked","Georgia Tech","59","","Unranked","Presbyterian","3"
"94","2","Unranked","Illinois State","31","@","Unranked","Eastern Michigan","14"
"95","2","Unranked","Indiana","45","@","Unranked","Massachusetts","6"
"96","2","Unranked","Iowa State","9","@","Unranked","Iowa","6"
"97","2","21","Kansas State","52","","Unranked","Miami FL","13"
"98","2","Unranked","Kentucky","47","","Unranked","Kent State","14"
"99","2","3","Louisiana State","41","","Unranked","Washington","3"
"100","2","Unranked","Louisiana Tech","56","@","Unranked","Houston","49"
"101","2","Unranked","Louisiana-Lafayette","37","@","Unranked","Troy","24"
"102","2","Unranked","Louisiana-Monroe","34","@","8","Arkansas","31"
"103","2","23","Louisville","35","","Unranked","Missouri State","7"
"104","2","Unranked","Marshall","52","","Unranked","Western Carolina","24"
"105","2","Unranked","Maryland","36","@","Unranked","Temple","27"
"106","2","Unranked","Miami OH","30","","Unranked","Southern Illinois","14"
"107","2","19","Michigan","31","","Unranked","Air Force","25"
"108","2","11","Michigan State","41","@","Unranked","Central Michigan","7"
"109","2","Unranked","Middle Tennessee State","31","","Unranked","Florida Atlantic","17"
"110","2","Unranked","Minnesota","44","","Unranked","New Hampshire","7"
"111","2","Unranked","Mississippi","28","","Unranked","Texas-El Paso","10"
"112","2","Unranked","Mississippi State","28","","Unranked","Auburn","10"
"113","2","Unranked","North Carolina State","10","@","Unranked","Connecticut","7"
"114","2","Unranked","North Dakota State","22","@","Unranked","Colorado State","7"
"115","2","Unranked","North Texas","34","","Unranked","Texas Southern","7"
"116","2","Unranked","Northern Arizona","17","@","Unranked","Nevada-Las Vegas","14"
"117","2","Unranked","Northern Illinois","35","","Unranked","Tennessee-Martin","7"
"118","2","Unranked","Northwestern","23","","Unranked","Vanderbilt","13"
"119","2","22","Notre Dame","20","","Unranked","Purdue","17"
"120","2","Unranked","Ohio","51","","Unranked","New Mexico State","24"
"121","2","14","Ohio State","31","","Unranked","Central Florida","16"
"122","2","5","Oklahoma","69","","Unranked","Florida A&M","13"
"123","2","4","Oregon","42","","Unranked","Fresno State","25"
"124","2","Unranked","Oregon State","10","","13","Wisconsin","7"
"125","2","Unranked","Rice","25","@","Unranked","Kansas","24"
"126","2","Unranked","Rutgers","26","","Unranked","Howard","0"
"127","2","Unranked","Sacramento State","30","@","Unranked","Colorado","28"
"128","2","Unranked","San Diego State","42","","Unranked","Army","7"
"129","2","Unranked","San Jose State","45","","Unranked","California-Davis","13"
"130","2","Unranked","South Alabama","9","","Unranked","Nicholls State","3"
"131","2","9","South Carolina","48","","Unranked","East Carolina","10"
"132","2","Unranked","South Florida","32","@","Unranked","Nevada","31"
"133","2","2","Southern California","42","@","Unranked","Syracuse","29"
"134","2","Unranked","Southern Methodist","52","","Unranked","Stephen F. Austin","0"
"135","2","25","Stanford","50","","Unranked","Duke","13"
"136","2","Unranked","Tennessee","51","","Unranked","Georgia State","13"
"137","2","17","Texas","45","","Unranked","New Mexico","0"
"138","2","20","Texas Christian","56","","Unranked","Grambling State","0"
"139","2","Unranked","Texas Tech","58","@","Unranked","Texas State","10"
"140","2","Unranked","Texas-San Antonio","27","","Unranked","Texas A&M-Commerce","16"
"141","2","Unranked","Toledo","34","@","Unranked","Wyoming","31"
"142","2","Unranked","Tulsa","45","","Unranked","Tulane","10"
"143","2","Unranked","UCLA","36","","16","Nebraska","30"
"144","2","Unranked","Virginia","17","","Unranked","Penn State","16"
"145","2","15","Virginia Tech","42","","Unranked","Austin Peay","7"
"146","2","Unranked","Wake Forest","28","","Unranked","North Carolina","27"
"147","2","Unranked","Washington State","24","","Unranked","Eastern Washington","20"
"148","2","Unranked","Western Michigan","52","","Unranked","Eastern Illinois","21"
"149","3","Unranked","Rutgers","23","@","Unranked","South Florida","13"
"150","3","Unranked","Washington State","35","@","Unranked","Nevada-Las Vegas","27"
"151","3","Unranked","Akron","66","","Unranked","Morgan State","6"
"152","3","1","Alabama","52","@","Unranked","Arkansas","0"
"153","3","24","Arizona","56","","Unranked","South Carolina State","0"
"154","3","Unranked","Auburn","31","","Unranked","Louisiana-Monroe","28"
"155","3","Unranked","Ball State","41","@","Unranked","Indiana","39"
"156","3","Unranked","Baylor","48","","Unranked","Sam Houston State","23"
"157","3","Unranked","Boise State","39","","Unranked","Miami OH","12"
"158","3","Unranked","Cal Poly","24","@","Unranked","Wyoming","22"
"159","3","Unranked","Central Florida","33","","Unranked","Florida International","20"
"160","3","Unranked","Cincinnati","23","","Unranked","Delaware State","7"
"161","3","11","Clemson","41","","Unranked","Furman","7"
"162","3","Unranked","Connecticut","24","@","Unranked","Maryland","21"
"163","3","Unranked","Duke","54","","Unranked","North Carolina Central","17"
"164","3","Unranked","East Carolina","24","@","Unranked","Southern Mississippi","14"
"165","3","18","Florida","37","@","23","Tennessee","20"
"166","3","5","Florida State","52","","Unranked","Wake Forest","0"
"167","3","Unranked","Fresno State","69","","Unranked","Colorado","14"
"168","3","7","Georgia","56","","Unranked","Florida Atlantic","20"
"169","3","Unranked","Georgia Tech","56","","Unranked","Virginia","20"
"170","3","Unranked","Hawaii","54","","Unranked","Lamar","2"
"171","3","Unranked","Illinois","44","","Unranked","Charleston Southern","0"
"172","3","Unranked","Iowa","27","","Unranked","Northern Iowa","16"
"173","3","Unranked","Iowa State","37","","Unranked","Western Illinois","3"
"174","3","15","Kansas State","35","","Unranked","North Texas","21"
"175","3","3","Louisiana State","63","","Unranked","Idaho","14"
"176","3","Unranked","Louisiana Tech","56","","Unranked","Rice","37"
"177","3","19","Louisville","39","","Unranked","North Carolina","34"
"178","3","Unranked","Miami FL","38","","Unranked","Bethune-Cookman","10"
"179","3","17","Michigan","63","","Unranked","Massachusetts","13"
"180","3","Unranked","Middle Tennessee State","48","@","Unranked","Memphis","30"
"181","3","Unranked","Minnesota","28","","Unranked","Western Michigan","23"
"182","3","Unranked","Mississippi State","30","@","Unranked","Troy","24"
"183","3","Unranked","Missouri","24","","Unranked","Arizona State","20"
"184","3","Unranked","Nebraska","42","","Unranked","Arkansas State","13"
"185","3","Unranked","Nevada","45","","Unranked","Northwestern State","34"
"186","3","Unranked","North Carolina State","31","","Unranked","South Alabama","7"
"187","3","Unranked","Northern Illinois","41","@","Unranked","Army","40"
"188","3","Unranked","Northwestern","22","","Unranked","Boston College","13"
"189","3","20","Notre Dame","20","@","10","Michigan State","3"
"190","3","Unranked","Ohio","27","@","Unranked","Marshall","24"
"191","3","12","Ohio State","35","","Unranked","California","28"
"192","3","Unranked","Oklahoma State","65","","Unranked","Louisiana-Lafayette","24"
"193","3","4","Oregon","63","","Unranked","Tennessee Tech","14"
"194","3","Unranked","Penn State","34","","Unranked","Navy","7"
"195","3","Unranked","Pittsburgh","35","","13","Virginia Tech","17"
"196","3","Unranked","Purdue","54","","Unranked","Eastern Michigan","16"
"197","3","Unranked","San Diego State","49","","Unranked","North Dakota","41"
"198","3","Unranked","San Jose State","40","","Unranked","Colorado State","20"
"199","3","8","South Carolina","49","","Unranked","Alabama-Birmingham","6"
"200","3","21","Stanford","21","","2","Southern California","14"
"201","3","Unranked","Syracuse","28","","Unranked","Stony Brook","17"
"202","3","14","Texas","66","@","Unranked","Mississippi","31"
"203","3","Unranked","Texas A&M","48","@","Unranked","Southern Methodist","3"
"204","3","16","Texas Christian","20","@","Unranked","Kansas","6"
"205","3","Unranked","Texas Tech","49","","Unranked","New Mexico","14"
"206","3","Unranked","Texas-El Paso","41","","Unranked","New Mexico State","28"
"207","3","Unranked","Texas-San Antonio","38","@","Unranked","Georgia State","14"
"208","3","Unranked","Toledo","27","","Unranked","Bowling Green State","15"
"209","3","Unranked","Tulsa","66","","Unranked","Nicholls State","16"
"210","3","22","UCLA","37","","Unranked","Houston","6"
"211","3","Unranked","Utah","24","","25","Brigham Young","21"
"212","3","Unranked","Vanderbilt","58","","Unranked","Presbyterian","0"
"213","3","Unranked","Washington","52","","Unranked","Portland State","13"
"214","3","9","West Virginia","42","","Unranked","James Madison","12"
"215","3","Unranked","Western Kentucky","32","@","Unranked","Kentucky","31"
"216","3","Unranked","Wisconsin","16","","Unranked","Utah State","14"
"217","4","Unranked","Kent State","23","@","Unranked","Buffalo","7"
"218","4","24","Boise State","7","","Unranked","Brigham Young","6"
"219","4","Unranked","Baylor","47","@","Unranked","Louisiana-Monroe","42"
"220","4","1","Alabama","40","","Unranked","Florida Atlantic","7"
"221","4","Unranked","Arizona State","37","","Unranked","Utah","7"
"222","4","Unranked","Arkansas State","56","","Unranked","Alcorn State","0"
"223","4","Unranked","Ball State","31","","Unranked","South Florida","27"
"224","4","Unranked","Central Michigan","32","@","Unranked","Iowa","31"
"225","4","Unranked","Colorado","35","@","Unranked","Washington State","34"
"226","4","Unranked","Duke","38","","Unranked","Memphis","14"
"227","4","14","Florida","38","","Unranked","Kentucky","0"
"228","4","4","Florida State","49","","10","Clemson","37"
"229","4","5","Georgia","48","","Unranked","Vanderbilt","3"
"230","4","15","Kansas State","24","@","6","Oklahoma","19"
"231","4","2","Louisiana State","12","@","Unranked","Auburn","10"
"232","4","Unranked","Louisiana Tech","52","@","Unranked","Illinois","24"
"233","4","20","Louisville","28","@","Unranked","Florida International","21"
"234","4","Unranked","Marshall","54","@","Unranked","Rice","51"
"235","4","Unranked","Miami FL","42","@","Unranked","Georgia Tech","36"
"236","4","Unranked","Miami OH","27","","Unranked","Massachusetts","16"
"237","4","21","Michigan State","23","","Unranked","Eastern Michigan","7"
"238","4","Unranked","Minnesota","17","","Unranked","Syracuse","10"
"239","4","Unranked","Mississippi","39","","Unranked","Tulane","0"
"240","4","23","Mississippi State","30","","Unranked","South Alabama","10"
"241","4","Unranked","Navy","41","","Unranked","Virginia Military Institute","3"
"242","4","25","Nebraska","73","","Unranked","Idaho State","7"
"243","4","Unranked","Nevada","69","@","Unranked","Hawaii","24"
"244","4","Unranked","Nevada-Las Vegas","38","","Unranked","Air Force","35"
"245","4","Unranked","New Mexico","27","@","Unranked","New Mexico State","14"
"246","4","Unranked","North Carolina","27","","Unranked","East Carolina","6"
"247","4","Unranked","North Carolina State","52","","Unranked","Citadel","14"
"248","4","Unranked","Northern Illinois","30","","Unranked","Kansas","23"
"249","4","Unranked","Northwestern","38","","Unranked","South Dakota","7"
"250","4","11","Notre Dame","13","","18","Michigan","6"
"251","4","Unranked","Ohio","44","","Unranked","Norfolk State","10"
"252","4","16","Ohio State","29","","Unranked","Alabama-Birmingham","15"
"253","4","3","Oregon","49","","22","Arizona","0"
"254","4","Unranked","Oregon State","27","@","19","UCLA","20"
"255","4","Unranked","Penn State","24","","Unranked","Temple","13"
"256","4","Unranked","Pittsburgh","55","","Unranked","Gardner-Webb","10"
"257","4","Unranked","Rutgers","35","@","Unranked","Arkansas","26"
"258","4","Unranked","San Jose State","38","@","Unranked","San Diego State","34"
"259","4","7","South Carolina","31","","Unranked","Missouri","10"
"260","4","13","Southern California","27","","Unranked","California","9"
"261","4","Unranked","Tennessee","47","","Unranked","Akron","26"
"262","4","Unranked","Texas A&M","70","","Unranked","South Carolina State","14"
"263","4","17","Texas Christian","27","","Unranked","Virginia","7"
"264","4","Unranked","Texas State","41","","Unranked","Stephen F. Austin","37"
"265","4","Unranked","Texas-San Antonio","56","","Unranked","Northwestern Oklahoma State","3"
"266","4","Unranked","Toledo","38","","Unranked","Coastal Carolina","28"
"267","4","Unranked","Troy","14","@","Unranked","North Texas","7"
"268","4","Unranked","Tulsa","27","","Unranked","Fresno State","26"
"269","4","Unranked","Utah State","31","@","Unranked","Colorado State","19"
"270","4","Unranked","Virginia Tech","37","","Unranked","Bowling Green State","0"
"271","4","Unranked","Wake Forest","49","","Unranked","Army","37"
"272","4","8","West Virginia","31","","Unranked","Maryland","21"
"273","4","Unranked","Western Kentucky","42","","Unranked","Southern Mississippi","17"
"274","4","Unranked","Western Michigan","30","","Unranked","Connecticut","24"
"275","4","Unranked","Wisconsin","37","","Unranked","Texas-El Paso","26"
"276","4","Unranked","Wyoming","40","@","Unranked","Idaho","37"
"277","5","Unranked","Washington","17","","8","Stanford","13"
"278","5","Unranked","Brigham Young","47","","Unranked","Hawaii","0"
"279","5","Unranked","Air Force","42","","Unranked","Colorado State","21"
"280","5","1","Alabama","33","","Unranked","Mississippi","14"
"281","5","Unranked","Arizona State","27","@","Unranked","California","17"
"282","5","24","Boise State","32","@","Unranked","New Mexico","29"
"283","5","Unranked","Bowling Green State","48","","Unranked","Rhode Island","8"
"284","5","Unranked","Cincinnati","27","","Unranked","Virginia Tech","24"
"285","5","17","Clemson","45","@","Unranked","Boston College","31"
"286","5","Unranked","Connecticut","24","","Unranked","Buffalo","17"
"287","5","Unranked","Duke","34","@","Unranked","Wake Forest","27"
"288","5","Unranked","East Carolina","28","","Unranked","Texas-El Paso","18"
"289","5","4","Florida State","30","@","Unranked","South Florida","17"
"290","5","Unranked","Fresno State","52","","Unranked","San Diego State","40"
"291","5","5","Georgia","51","","Unranked","Tennessee","44"
"292","5","Unranked","Houston","35","","Unranked","Rice","14"
"293","5","Unranked","Iowa","31","","Unranked","Minnesota","13"
"294","5","Unranked","Kent State","45","","Unranked","Ball State","43"
"295","5","3","Louisiana State","38","","Unranked","Towson","22"
"296","5","Unranked","Louisiana Tech","44","@","Unranked","Virginia","38"
"297","5","Unranked","Louisiana-Lafayette","48","","Unranked","Florida International","20"
"298","5","Unranked","Louisiana-Monroe","63","@","Unranked","Tulane","10"
"299","5","19","Louisville","21","@","Unranked","Southern Mississippi","17"
"300","5","Unranked","Miami FL","44","","Unranked","North Carolina State","37"
"301","5","Unranked","Miami OH","56","@","Unranked","Akron","49"
"302","5","Unranked","Middle Tennessee State","49","@","Unranked","Georgia Tech","28"
"303","5","Unranked","Missouri","21","@","Unranked","Central Florida","16"
"304","5","22","Nebraska","30","","Unranked","Wisconsin","27"
"305","5","Unranked","Nevada","34","@","Unranked","Texas State","21"
"306","5","Unranked","North Carolina","66","","Unranked","Idaho","0"
"307","5","Unranked","North Texas","20","@","Unranked","Florida Atlantic","14"
"308","5","Unranked","Northern Illinois","55","","Unranked","Central Michigan","24"
"309","5","Unranked","Northwestern","44","","Unranked","Indiana","29"
"310","5","Unranked","Ohio","37","@","Unranked","Massachusetts","34"
"311","5","14","Ohio State","17","@","20","Michigan State","16"
"312","5","2","Oregon","51","@","Unranked","Washington State","26"
"313","5","18","Oregon State","38","@","Unranked","Arizona","35"
"314","5","Unranked","Penn State","35","@","Unranked","Illinois","7"
"315","5","Unranked","Purdue","51","","Unranked","Marshall","41"
"316","5","Unranked","San Jose State","12","@","Unranked","Navy","0"
"317","5","6","South Carolina","38","@","Unranked","Kentucky","17"
"318","5","Unranked","Stony Brook","23","@","Unranked","Army","3"
"319","5","12","Texas","41","@","Unranked","Oklahoma State","36"
"320","5","Unranked","Texas A&M","58","","Unranked","Arkansas","10"
"321","5","15","Texas Christian","24","@","Unranked","Southern Methodist","16"
"322","5","Unranked","Texas Tech","24","@","Unranked","Iowa State","13"
"323","5","Unranked","Texas-San Antonio","35","@","Unranked","New Mexico State","14"
"324","5","Unranked","Toledo","37","@","Unranked","Western Michigan","17"
"325","5","Unranked","Troy","31","@","Unranked","South Alabama","10"
"326","5","Unranked","Tulsa","49","@","Unranked","Alabama-Birmingham","42"
"327","5","Unranked","UCLA","42","@","Unranked","Colorado","14"
"328","5","Unranked","Utah State","35","","Unranked","Nevada-Las Vegas","13"
"329","5","9","West Virginia","70","","25","Baylor","63"
"330","5","Unranked","Western Kentucky","26","@","Unranked","Arkansas State","13"
"331","6","Unranked","Arkansas State","34","@","Unranked","Florida International","20"
"332","6","Unranked","Central Florida","40","","Unranked","East Carolina","20"
"333","6","13","Southern California","38","@","Unranked","Utah","28"
"334","6","Unranked","Brigham Young","6","","Unranked","Utah State","3"
"335","6","Unranked","Syracuse","14","","Unranked","Pittsburgh","13"
"336","6","Unranked","Alabama-Birmingham","52","","Unranked","Southeastern Louisiana","3"
"337","6","Unranked","Arkansas","24","@","Unranked","Auburn","7"
"338","6","Unranked","Army","34","","Unranked","Boston College","31"
"339","6","Unranked","Boise State","40","@","Unranked","Southern Mississippi","14"
"340","6","Unranked","Bowling Green State","24","@","Unranked","Akron","10"
"341","6","Unranked","California","43","","25","UCLA","17"
"342","6","Unranked","Cincinnati","52","","Unranked","Miami OH","14"
"343","6","15","Clemson","47","","Unranked","Georgia Tech","31"
"344","6","Unranked","Duke","42","","Unranked","Virginia","17"
"345","6","10","Florida","14","","4","Louisiana State","6"
"346","6","Unranked","Fresno State","28","@","Unranked","Colorado State","7"
"347","6","Unranked","Houston","44","","Unranked","North Texas","21"
"348","6","Unranked","Idaho","26","","Unranked","New Mexico State","18"
"349","6","Unranked","Iowa State","37","@","15","Texas Christian","23"
"350","6","7","Kansas State","56","","Unranked","Kansas","16"
"351","6","Unranked","Kent State","41","@","Unranked","Eastern Michigan","14"
"352","6","Unranked","Louisiana Tech","58","","Unranked","Nevada-Las Vegas","31"
"353","6","Unranked","Louisiana-Lafayette","41","","Unranked","Tulane","13"
"354","6","Unranked","Louisiana-Monroe","31","@","Unranked","Middle Tennessee State","17"
"355","6","Unranked","Maryland","19","","Unranked","Wake Forest","14"
"356","6","Unranked","Memphis","14","","Unranked","Rice","10"
"357","6","Unranked","Michigan","44","@","Unranked","Purdue","13"
"358","6","Unranked","Michigan State","31","@","Unranked","Indiana","27"
"359","6","20","Mississippi State","27","@","Unranked","Kentucky","14"
"360","6","Unranked","Navy","28","@","Unranked","Air Force","21"
"361","6","Unranked","Nevada","35","","Unranked","Wyoming","28"
"362","6","Unranked","New Mexico","35","","Unranked","Texas State","14"
"363","6","Unranked","North Carolina","48","","Unranked","Virginia Tech","34"
"364","6","Unranked","North Carolina State","17","","3","Florida State","16"
"365","6","Unranked","Northern Illinois","35","@","Unranked","Ball State","23"
"366","6","9","Notre Dame","41","","Unranked","Miami FL","3"
"367","6","Unranked","Ohio","38","","Unranked","Buffalo","31"
"368","6","12","Ohio State","63","","21","Nebraska","38"
"369","6","17","Oklahoma","41","@","Unranked","Texas Tech","20"
"370","6","2","Oregon","52","","23","Washington","21"
"371","6","14","Oregon State","19","","Unranked","Washington State","6"
"372","6","Unranked","Penn State","39","","24","Northwestern","28"
"373","6","22","Rutgers","19","","Unranked","Connecticut","3"
"374","6","Unranked","San Diego State","52","","Unranked","Hawaii","14"
"375","6","6","South Carolina","35","","5","Georgia","7"
"376","6","Unranked","Southern Methodist","17","@","Unranked","Texas-El Paso","0"
"377","6","18","Stanford","54","","Unranked","Arizona","48"
"378","6","Unranked","Temple","37","","Unranked","South Florida","28"
"379","6","Unranked","Texas A&M","30","@","Unranked","Mississippi","27"
"380","6","Unranked","Toledo","50","","Unranked","Central Michigan","35"
"381","6","Unranked","Tulsa","45","@","Unranked","Marshall","38"
"382","6","Unranked","Vanderbilt","19","@","Unranked","Missouri","15"
"383","6","8","West Virginia","48","@","11","Texas","45"
"384","6","Unranked","Western Michigan","52","","Unranked","Massachusetts","14"
"385","6","Unranked","Wisconsin","31","","Unranked","Illinois","14"
"386","7","Unranked","Arizona State","51","@","Unranked","Colorado","17"
"387","7","Unranked","Tulsa","33","","Unranked","Texas-El Paso","11"
"388","7","Unranked","Western Kentucky","31","@","Unranked","Troy","26"
"389","7","Unranked","Navy","31","@","Unranked","Central Michigan","13"
"390","7","Unranked","Air Force","28","@","Unranked","Wyoming","27"
"391","7","1","Alabama","42","@","Unranked","Missouri","10"
"392","7","Unranked","Arkansas","49","","Unranked","Kentucky","7"
"393","7","Unranked","Arkansas State","36","","Unranked","South Alabama","29"
"394","7","Unranked","Ball State","30","","Unranked","Western Michigan","24"
"395","7","24","Boise State","20","","Unranked","Fresno State","10"
"396","7","Unranked","Bowling Green State","37","","Unranked","Miami OH","12"
"397","7","Unranked","California","31","@","Unranked","Washington State","17"
"398","7","Unranked","Central Florida","38","","Unranked","Southern Mississippi","31"
"399","7","21","Cincinnati","49","","Unranked","Fordham","17"
"400","7","Unranked","East Carolina","41","","Unranked","Memphis","7"
"401","7","4","Florida","31","@","Unranked","Vanderbilt","17"
"402","7","12","Florida State","51","","Unranked","Boston College","7"
"403","7","Unranked","Houston","39","","Unranked","Alabama-Birmingham","17"
"404","7","Unranked","Iowa","19","@","Unranked","Michigan State","16"
"405","7","6","Kansas State","27","@","Unranked","Iowa State","21"
"406","7","Unranked","Kent State","31","@","Unranked","Army","17"
"407","7","9","Louisiana State","23","","3","South Carolina","21"
"408","7","Unranked","Louisiana-Monroe","35","","Unranked","Florida Atlantic","14"
"409","7","18","Louisville","45","@","Unranked","Pittsburgh","35"
"410","7","Unranked","Maryland","27","@","Unranked","Virginia","20"
"411","7","25","Michigan","45","","Unranked","Illinois","0"
"412","7","Unranked","Middle Tennessee State","34","@","Unranked","Florida International","30"
"413","7","Unranked","Mississippi","41","","Unranked","Auburn","20"
"414","7","19","Mississippi State","41","","Unranked","Tennessee","31"
"415","7","Unranked","Nevada","42","@","Unranked","Nevada-Las Vegas","37"
"416","7","Unranked","New Mexico","35","@","Unranked","Hawaii","23"
"417","7","Unranked","North Carolina","18","@","Unranked","Miami FL","14"
"418","7","Unranked","Northern Illinois","45","","Unranked","Buffalo","3"
"419","7","Unranked","Northwestern","21","@","Unranked","Minnesota","13"
"420","7","7","Notre Dame","20","","17","Stanford","13"
"421","7","Unranked","Ohio","34","","Unranked","Akron","28"
"422","7","8","Ohio State","52","@","Unranked","Indiana","49"
"423","7","13","Oklahoma","63","","15","Texas","21"
"424","7","Unranked","Oklahoma State","20","@","Unranked","Kansas","14"
"425","7","10","Oregon State","42","@","Unranked","Brigham Young","24"
"426","7","Unranked","Rice","34","","Unranked","Texas-San Antonio","14"
"427","7","20","Rutgers","23","","Unranked","Syracuse","15"
"428","7","Unranked","San Diego State","38","","Unranked","Colorado State","14"
"429","7","11","Southern California","24","@","Unranked","Washington","14"
"430","7","Unranked","Temple","17","@","Unranked","Connecticut","14"
"431","7","22","Texas A&M","59","@","23","Louisiana Tech","57"
"432","7","Unranked","Texas Christian","49","@","Unranked","Baylor","21"
"433","7","Unranked","Texas State","38","","Unranked","Idaho","7"
"434","7","Unranked","Texas Tech","49","","5","West Virginia","14"
"435","7","Unranked","Toledo","52","@","Unranked","Eastern Michigan","47"
"436","7","Unranked","Tulane","27","","Unranked","Southern Methodist","26"
"437","7","Unranked","UCLA","21","","Unranked","Utah","14"
"438","7","Unranked","Utah State","49","@","Unranked","San Jose State","27"
"439","7","Unranked","Virginia Tech","41","","Unranked","Duke","20"
"440","7","Unranked","Wisconsin","38","@","Unranked","Purdue","14"
"441","8","Unranked","North Texas","30","","Unranked","Louisiana-Lafayette","23"
"442","8","2","Oregon","43","@","Unranked","Arizona State","21"
"443","8","Unranked","Southern Methodist","72","","Unranked","Houston","42"
"444","8","Unranked","Syracuse","40","","Unranked","Connecticut","10"
"445","8","Unranked","Air Force","28","","Unranked","New Mexico","23"
"446","8","1","Alabama","44","@","Unranked","Tennessee","13"
"447","8","Unranked","Arizona","52","","Unranked","Washington","17"
"448","8","Unranked","Ball State","41","@","Unranked","Central Michigan","30"
"449","8","24","Boise State","32","","Unranked","Nevada-Las Vegas","7"
"450","8","Unranked","Bowling Green State","24","@","Unranked","Massachusetts","0"
"451","8","Unranked","Central Florida","35","@","Unranked","Memphis","17"
"452","8","14","Clemson","38","","Unranked","Virginia Tech","17"
"453","8","Unranked","Duke","33","","Unranked","North Carolina","30"
"454","8","Unranked","East Carolina","42","@","Unranked","Alabama-Birmingham","35"
"455","8","Unranked","Eastern Michigan","48","","Unranked","Army","38"
"456","8","3","Florida","44","","9","South Carolina","11"
"457","8","12","Florida State","33","@","Unranked","Miami FL","20"
"458","8","Unranked","Fresno State","42","","Unranked","Wyoming","14"
"459","8","13","Georgia","29","@","Unranked","Kentucky","24"
"460","8","Unranked","Georgia Tech","37","","Unranked","Boston College","17"
"461","8","4","Kansas State","55","@","17","West Virginia","14"
"462","8","Unranked","Kent State","41","","Unranked","Western Michigan","24"
"463","8","6","Louisiana State","24","@","20","Texas A&M","19"
"464","8","Unranked","Louisiana Tech","70","","Unranked","Idaho","28"
"465","8","Unranked","Louisiana-Monroe","43","@","Unranked","Western Kentucky","42"
"466","8","16","Louisville","27","","Unranked","South Florida","25"
"467","8","Unranked","Marshall","59","@","Unranked","Southern Mississippi","24"
"468","8","23","Michigan","12","","Unranked","Michigan State","10"
"469","8","15","Mississippi State","45","","Unranked","Middle Tennessee State","3"
"470","8","Unranked","Navy","31","","Unranked","Indiana","30"
"471","8","Unranked","Nebraska","29","@","Unranked","Northwestern","28"
"472","8","Unranked","North Carolina State","20","@","Unranked","Maryland","18"
"473","8","Unranked","Northern Illinois","37","@","Unranked","Akron","7"
"474","8","5","Notre Dame","17","","Unranked","Brigham Young","14"
"475","8","7","Ohio State","29","","Unranked","Purdue","22"
"476","8","10","Oklahoma","52","","Unranked","Kansas","7"
"477","8","Unranked","Oklahoma State","31","","Unranked","Iowa State","10"
"478","8","8","Oregon State","21","","Unranked","Utah","7"
"479","8","Unranked","Penn State","38","@","Unranked","Iowa","14"
"480","8","Unranked","Pittsburgh","20","@","Unranked","Buffalo","6"
"481","8","19","Rutgers","35","@","Unranked","Temple","10"
"482","8","Unranked","San Diego State","39","@","Unranked","Nevada","38"
"483","8","Unranked","San Jose State","52","@","Unranked","Texas-San Antonio","24"
"484","8","Unranked","South Alabama","37","","Unranked","Florida Atlantic","34"
"485","8","11","Southern California","50","","Unranked","Colorado","6"
"486","8","22","Stanford","21","@","Unranked","California","3"
"487","8","Unranked","Texas","56","","Unranked","Baylor","50"
"488","8","18","Texas Tech","56","@","Unranked","Texas Christian","53"
"489","8","Unranked","Texas-El Paso","24","","Unranked","Tulane","20"
"490","8","Unranked","Toledo","29","","21","Cincinnati","23"
"491","8","Unranked","Troy","38","","Unranked","Florida International","37"
"492","8","Unranked","Tulsa","28","","Unranked","Rice","24"
"493","8","Unranked","Utah State","41","","Unranked","New Mexico State","7"
"494","8","Unranked","Vanderbilt","17","","Unranked","Auburn","13"
"495","8","Unranked","Wake Forest","16","@","Unranked","Virginia","10"
"496","8","Unranked","Wisconsin","38","","Unranked","Minnesota","13"
"497","9","Unranked","Arkansas State","50","@","Unranked","Louisiana-Lafayette","27"
"498","9","14","Clemson","42","@","Unranked","Wake Forest","13"
"499","9","Unranked","Air Force","48","","Unranked","Nevada","31"
"500","9","16","Louisville","34","","Unranked","Cincinnati","31"
"501","9","1","Alabama","38","","13","Mississippi State","7"
"502","9","Unranked","Arizona","39","","10","Southern California","36"
"503","9","Unranked","Ball State","30","@","Unranked","Army","22"
"504","9","21","Boise State","45","@","Unranked","Wyoming","14"
"505","9","Unranked","Boston College","20","","Unranked","Maryland","17"
"506","9","Unranked","Bowling Green State","24","","Unranked","Eastern Michigan","3"
"507","9","Unranked","Brigham Young","41","@","Unranked","Georgia Tech","17"
"508","9","Unranked","Central Florida","54","@","Unranked","Marshall","17"
"509","9","Unranked","Central Michigan","35","","Unranked","Akron","14"
"510","9","Unranked","Colorado State","42","","Unranked","Hawaii","27"
"511","9","Unranked","Florida Atlantic","34","","Unranked","Troy","27"
"512","9","11","Florida State","48","","Unranked","Duke","7"
"513","9","Unranked","Fresno State","49","@","Unranked","New Mexico","32"
"514","9","12","Georgia","17","","3","Florida","9"
"515","9","Unranked","Houston","45","","Unranked","Texas-El Paso","35"
"516","9","Unranked","Indiana","31","@","Unranked","Illinois","17"
"517","9","Unranked","Iowa State","35","","Unranked","Baylor","21"
"518","9","4","Kansas State","55","","15","Texas Tech","24"
"519","9","Unranked","Kent State","35","@","18","Rutgers","23"
"520","9","24","Louisiana Tech","28","@","Unranked","New Mexico State","14"
"521","9","Unranked","Louisiana-Monroe","38","","Unranked","South Alabama","24"
"522","9","Unranked","Miami OH","23","","23","Ohio","20"
"523","9","Unranked","Michigan State","16","@","Unranked","Wisconsin","13"
"524","9","Unranked","Middle Tennessee State","38","","Unranked","North Texas","21"
"525","9","Unranked","Minnesota","44","","Unranked","Purdue","28"
"526","9","Unranked","Mississippi","30","@","Unranked","Arkansas","27"
"527","9","Unranked","Missouri","33","","Unranked","Kentucky","10"
"528","9","Unranked","Navy","56","@","Unranked","East Carolina","28"
"529","9","Unranked","Nebraska","23","","20","Michigan","9"
"530","9","Unranked","North Carolina","43","","Unranked","North Carolina State","35"
"531","9","Unranked","Northern Illinois","48","@","Unranked","Western Michigan","34"
"532","9","Unranked","Northwestern","28","","Unranked","Iowa","17"
"533","9","5","Notre Dame","30","@","8","Oklahoma","13"
"534","9","9","Ohio State","35","@","Unranked","Penn State","23"
"535","9","Unranked","Oklahoma State","36","","Unranked","Texas Christian","14"
"536","9","2","Oregon","70","","Unranked","Colorado","14"
"537","9","Unranked","Pittsburgh","47","","Unranked","Temple","17"
"538","9","Unranked","Rice","44","","Unranked","Southern Mississippi","17"
"539","9","Unranked","San Diego State","24","","Unranked","Nevada-Las Vegas","13"
"540","9","Unranked","San Jose State","31","","Unranked","Texas State","20"
"541","9","17","South Carolina","38","","Unranked","Tennessee","35"
"542","9","Unranked","Southern Methodist","44","","Unranked","Memphis","13"
"543","9","19","Stanford","24","","Unranked","Washington State","17"
"544","9","Unranked","Syracuse","37","@","Unranked","South Florida","36"
"545","9","Unranked","Texas","21","@","Unranked","Kansas","17"
"546","9","22","Texas A&M","63","@","Unranked","Auburn","21"
"547","9","Unranked","Toledo","25","@","Unranked","Buffalo","20"
"548","9","Unranked","Tulane","55","","Unranked","Alabama-Birmingham","45"
"549","9","Unranked","UCLA","45","@","Unranked","Arizona State","43"
"550","9","Unranked","Utah","49","","Unranked","California","27"
"551","9","Unranked","Utah State","48","@","Unranked","Texas-San Antonio","17"
"552","9","Unranked","Vanderbilt","49","","Unranked","Massachusetts","7"
"553","9","Unranked","Washington","20","","7","Oregon State","17"
"554","9","Unranked","Western Kentucky","14","@","Unranked","Florida International","6"
"555","10","Unranked","Miami FL","30","","Unranked","Virginia Tech","12"
"556","10","Unranked","Middle Tennessee State","34","@","Unranked","Western Kentucky","29"
"557","10","Unranked","Ohio","45","","Unranked","Eastern Michigan","14"
"558","10","Unranked","Washington","21","@","Unranked","California","13"
"559","10","1","Alabama","21","@","5","Louisiana State","17"
"560","10","Unranked","Alabama-Birmingham","27","@","Unranked","Southern Mississippi","19"
"561","10","Unranked","Arkansas","19","","Unranked","Tulsa","15"
"562","10","Unranked","Arkansas State","37","@","Unranked","North Texas","19"
"563","10","Unranked","Army","41","","Unranked","Air Force","21"
"564","10","Unranked","Auburn","42","","Unranked","New Mexico State","7"
"565","10","Unranked","Baylor","41","","Unranked","Kansas","14"
"566","10","Unranked","Buffalo","27","","Unranked","Miami OH","24"
"567","10","Unranked","Central Florida","42","","Unranked","Southern Methodist","17"
"568","10","Unranked","Cincinnati","35","","Unranked","Syracuse","24"
"569","10","10","Clemson","56","@","Unranked","Duke","20"
"570","10","Unranked","East Carolina","48","","Unranked","Houston","28"
"571","10","8","Florida","14","","Unranked","Missouri","7"
"572","10","Unranked","Florida International","28","@","Unranked","South Alabama","20"
"573","10","Unranked","Fresno State","45","","Unranked","Hawaii","10"
"574","10","7","Georgia","37","","Unranked","Mississippi","10"
"575","10","Unranked","Georgia Tech","33","@","Unranked","Maryland","13"
"576","10","Unranked","Indiana","24","","Unranked","Iowa","21"
"577","10","3","Kansas State","44","","Unranked","Oklahoma State","30"
"578","10","Unranked","Kent State","35","","Unranked","Akron","24"
"579","10","22","Louisiana Tech","51","","Unranked","Texas-San Antonio","27"
"580","10","Unranked","Louisiana-Lafayette","40","@","Unranked","Louisiana-Monroe","24"
"581","10","12","Louisville","45","","Unranked","Temple","17"
"582","10","Unranked","Marshall","38","","Unranked","Memphis","28"
"583","10","Unranked","Michigan","35","@","Unranked","Minnesota","13"
"584","10","Unranked","Navy","24","","Unranked","Florida Atlantic","17"
"585","10","21","Nebraska","28","@","Unranked","Michigan State","24"
"586","10","Unranked","Nevada-Las Vegas","35","","Unranked","New Mexico","7"
"587","10","Unranked","Northern Illinois","63","","Unranked","Massachusetts","0"
"588","10","4","Notre Dame","29","","Unranked","Pittsburgh","26"
"589","10","6","Ohio State","52","","Unranked","Illinois","22"
"590","10","14","Oklahoma","35","@","Unranked","Iowa State","20"
"591","10","2","Oregon","62","@","18","Southern California","51"
"592","10","13","Oregon State","36","","Unranked","Arizona State","26"
"593","10","Unranked","Penn State","34","@","Unranked","Purdue","9"
"594","10","Unranked","Rice","49","@","Unranked","Tulane","47"
"595","10","Unranked","San Diego State","21","@","19","Boise State","19"
"596","10","Unranked","San Jose State","42","@","Unranked","Idaho","13"
"597","10","Unranked","South Florida","13","","Unranked","Connecticut","6"
"598","10","15","Stanford","48","@","Unranked","Colorado","0"
"599","10","Unranked","Tennessee","55","","Unranked","Troy","48"
"600","10","Unranked","Texas","31","@","20","Texas Tech","22"
"601","10","16","Texas A&M","38","@","17","Mississippi State","13"
"602","10","Unranked","Texas Christian","39","@","23","West Virginia","38"
"603","10","25","UCLA","66","","24","Arizona","10"
"604","10","Unranked","Utah","49","","Unranked","Washington State","6"
"605","10","Unranked","Utah State","38","","Unranked","Texas State","7"
"606","10","Unranked","Vanderbilt","40","@","Unranked","Kentucky","0"
"607","10","Unranked","Virginia","33","@","Unranked","North Carolina State","6"
"608","10","Unranked","Wake Forest","28","","Unranked","Boston College","14"
"609","10","Unranked","Western Michigan","42","@","Unranked","Central Michigan","31"
"610","10","Unranked","Wyoming","45","","Unranked","Colorado State","31"
"611","11","Unranked","Ball State","34","@","23","Toledo","27"
"612","11","Unranked","Bowling Green State","26","@","Unranked","Ohio","14"
"613","11","Unranked","Arkansas State","45","","Unranked","Louisiana-Monroe","23"
"614","11","8","Florida State","28","@","Unranked","Virginia Tech","22"
"615","11","Unranked","Connecticut","24","","Unranked","Pittsburgh","17"
"616","11","Unranked","Alabama-Birmingham","38","","Unranked","Marshall","31"
"617","11","Unranked","Arizona","56","","Unranked","Colorado","31"
"618","11","Unranked","Boise State","49","@","Unranked","Hawaii","14"
"619","11","Unranked","Brigham Young","52","","Unranked","Idaho","13"
"620","11","Unranked","Buffalo","29","","Unranked","Western Michigan","24"
"621","11","Unranked","Central Florida","31","@","Unranked","Texas-El Paso","24"
"622","11","Unranked","Central Michigan","34","@","Unranked","Eastern Michigan","31"
"623","11","Unranked","Cincinnati","34","@","Unranked","Temple","10"
"624","11","10","Clemson","45","","Unranked","Maryland","10"
"625","11","Unranked","Colorado State","33","","Unranked","Nevada-Las Vegas","11"
"626","11","7","Florida","27","","Unranked","Louisiana-Lafayette","20"
"627","11","Unranked","Florida Atlantic","37","@","Unranked","Western Kentucky","28"
"628","11","Unranked","Fresno State","52","@","Unranked","Nevada","36"
"629","11","5","Georgia","38","@","Unranked","Auburn","0"
"630","11","Unranked","Georgia Tech","68","@","Unranked","North Carolina","50"
"631","11","3","Kansas State","23","@","Unranked","Texas Christian","10"
"632","11","Unranked","Kent State","48","@","Unranked","Miami OH","32"
"633","11","9","Louisiana State","37","","22","Mississippi State","17"
"634","11","19","Louisiana Tech","62","@","Unranked","Texas State","55"
"635","11","Unranked","Massachusetts","22","@","Unranked","Akron","14"
"636","11","Unranked","Memphis","37","","Unranked","Tulane","23"
"637","11","Unranked","Michigan","38","","Unranked","Northwestern","31"
"638","11","Unranked","Minnesota","17","@","Unranked","Illinois","3"
"639","11","Unranked","Missouri","51","@","Unranked","Tennessee","48"
"640","11","18","Nebraska","32","","Unranked","Penn State","23"
"641","11","Unranked","North Carolina State","37","","Unranked","Wake Forest","6"
"642","11","Unranked","North Texas","24","","Unranked","South Alabama","14"
"643","11","4","Notre Dame","21","@","Unranked","Boston College","6"
"644","11","14","Oklahoma","42","","Unranked","Baylor","34"
"645","11","Unranked","Oklahoma State","55","","Unranked","West Virginia","34"
"646","11","2","Oregon","59","@","Unranked","California","17"
"647","11","Unranked","Purdue","27","@","Unranked","Iowa","24"
"648","11","24","Rutgers","28","","Unranked","Army","7"
"649","11","Unranked","San Diego State","28","","Unranked","Air Force","9"
"650","11","Unranked","San Jose State","47","@","Unranked","New Mexico State","7"
"651","11","12","South Carolina","38","","Unranked","Arkansas","20"
"652","11","21","Southern California","38","","Unranked","Arizona State","17"
"653","11","Unranked","Southern Methodist","34","","Unranked","Southern Mississippi","6"
"654","11","16","Stanford","27","","13","Oregon State","23"
"655","11","Unranked","Syracuse","45","","11","Louisville","26"
"656","11","19","Texas","33","","Unranked","Iowa State","7"
"657","11","15","Texas A&M","29","@","1","Alabama","24"
"658","11","25","Texas Tech","41","","Unranked","Kansas","34"
"659","11","Unranked","Texas-San Antonio","31","","Unranked","McNeese State","24"
"660","11","Unranked","Troy","41","","Unranked","Navy","31"
"661","11","Unranked","Tulsa","41","@","Unranked","Houston","7"
"662","11","17","UCLA","44","@","Unranked","Washington State","36"
"663","11","Unranked","Vanderbilt","27","@","Unranked","Mississippi","26"
"664","11","Unranked","Virginia","41","","Unranked","Miami FL","40"
"665","11","Unranked","Washington","34","","Unranked","Utah","15"
"666","11","Unranked","Wisconsin","62","@","Unranked","Indiana","14"
"667","11","Unranked","Wyoming","28","@","Unranked","New Mexico","23"
"668","12","Unranked","Ball State","52","","Unranked","Ohio","27"
"669","12","Unranked","Northern Illinois","31","","Unranked","Toledo","24"
"670","12","Unranked","North Carolina","37","@","Unranked","Virginia","13"
"671","12","Unranked","Air Force","21","","Unranked","Hawaii","7"
"672","12","Unranked","Florida International","34","@","Unranked","Florida Atlantic","24"
"673","12","4","Alabama","49","","Unranked","Western Carolina","0"
"674","12","Unranked","Arizona","34","@","Unranked","Utah","24"
"675","12","Unranked","Arizona State","46","","Unranked","Washington State","7"
"676","12","Unranked","Arkansas State","41","@","Unranked","Troy","34"
"677","12","Unranked","Auburn","51","","Unranked","Alabama A&M","7"
"678","12","Unranked","Baylor","52","","2","Kansas State","24"
"679","12","Unranked","Boise State","42","","Unranked","Colorado State","14"
"680","12","Unranked","Buffalo","29","@","Unranked","Massachusetts","19"
"681","12","Unranked","Central Michigan","30","","Unranked","Miami OH","16"
"682","12","11","Clemson","62","","Unranked","North Carolina State","48"
"683","12","Unranked","East Carolina","28","@","Unranked","Tulane","23"
"684","12","Unranked","Eastern Michigan","29","@","Unranked","Western Michigan","23"
"685","12","7","Florida","23","","Unranked","Jacksonville State","0"
"686","12","10","Florida State","41","@","Unranked","Maryland","14"
"687","12","5","Georgia","45","","Unranked","Georgia Southern","14"
"688","12","Unranked","Georgia Tech","42","","Unranked","Duke","24"
"689","12","Unranked","Iowa State","51","@","Unranked","Kansas","23"
"690","12","25","Kent State","31","@","Unranked","Bowling Green State","24"
"691","12","Unranked","Kentucky","34","","Unranked","Samford","3"
"692","12","8","Louisiana State","41","","Unranked","Mississippi","35"
"693","12","Unranked","Louisiana-Lafayette","31","","Unranked","Western Kentucky","27"
"694","12","Unranked","Louisiana-Monroe","42","","Unranked","North Texas","16"
"695","12","Unranked","Marshall","44","","Unranked","Houston","41"
"696","12","Unranked","Memphis","46","@","Unranked","Alabama-Birmingham","9"
"697","12","Unranked","Miami FL","40","","Unranked","South Florida","9"
"698","12","23","Michigan","42","","Unranked","Iowa","17"
"699","12","Unranked","Middle Tennessee State","20","@","Unranked","South Alabama","12"
"700","12","Unranked","Mississippi State","45","","Unranked","Arkansas","14"
"701","12","Unranked","Navy","21","","Unranked","Texas State","10"
"702","12","16","Nebraska","38","","Unranked","Minnesota","14"
"703","12","Unranked","Nevada","31","@","Unranked","New Mexico","24"
"704","12","Unranked","Northwestern","23","@","Unranked","Michigan State","20"
"705","12","3","Notre Dame","38","","Unranked","Wake Forest","0"
"706","12","6","Ohio State","21","@","Unranked","Wisconsin","14"
"707","12","13","Oklahoma","50","@","Unranked","West Virginia","49"
"708","12","Unranked","Oklahoma State","59","","23","Texas Tech","21"
"709","12","15","Oregon State","62","","Unranked","California","14"
"710","12","Unranked","Penn State","45","","Unranked","Indiana","22"
"711","12","Unranked","Purdue","20","@","Unranked","Illinois","17"
"712","12","Unranked","Rice","36","","Unranked","Southern Methodist","20"
"713","12","22","Rutgers","10","@","Unranked","Cincinnati","3"
"714","12","Unranked","San Jose State","20","","Unranked","Brigham Young","14"
"715","12","12","South Carolina","24","","Unranked","Wofford","7"
"716","12","14","Stanford","17","@","1","Oregon","14"
"717","12","Unranked","Syracuse","31","@","Unranked","Missouri","27"
"718","12","Unranked","Temple","63","@","Unranked","Army","32"
"719","12","9","Texas A&M","47","","Unranked","Sam Houston State","28"
"720","12","Unranked","Texas-El Paso","34","@","Unranked","Southern Mississippi","33"
"721","12","Unranked","Texas-San Antonio","34","@","Unranked","Idaho","27"
"722","12","Unranked","Tulsa","23","","Unranked","Central Florida","21"
"723","12","17","UCLA","38","","21","Southern California","28"
"724","12","Unranked","Utah State","48","@","19","Louisiana Tech","41"
"725","12","Unranked","Vanderbilt","41","","Unranked","Tennessee","18"
"726","12","Unranked","Virginia Tech","30","@","Unranked","Boston College","23"
"727","12","Unranked","Washington","38","@","Unranked","Colorado","3"
"728","12","Unranked","Wyoming","28","@","Unranked","Nevada-Las Vegas","23"
"729","13","Unranked","Toledo","35","","Unranked","Akron","23"
"730","13","Unranked","Texas Christian","20","@","18","Texas","13"
"731","13","Unranked","Arizona State","41","@","Unranked","Arizona","34"
"732","13","Unranked","Ball State","31","@","Unranked","Miami OH","24"
"733","13","Unranked","Bowling Green State","21","","Unranked","Buffalo","7"
"734","13","Unranked","Central Michigan","42","@","Unranked","Massachusetts","21"
"735","13","Unranked","Cincinnati","27","","Unranked","South Florida","10"
"736","13","Unranked","East Carolina","65","","Unranked","Marshall","59"
"737","13","23","Kent State","28","","Unranked","Ohio","6"
"738","13","8","Louisiana State","20","@","Unranked","Arkansas","13"
"739","13","17","Nebraska","13","@","Unranked","Iowa","7"
"740","13","24","Northern Illinois","49","@","Unranked","Eastern Michigan","7"
"741","13","Unranked","Syracuse","38","@","Unranked","Temple","20"
"742","13","Unranked","Utah","42","@","Unranked","Colorado","35"
"743","13","Unranked","Washington State","31","","Unranked","Washington","28"
"744","13","Unranked","West Virginia","31","@","Unranked","Iowa State","24"
"745","13","2","Alabama","49","","Unranked","Auburn","0"
"746","13","Unranked","Baylor","52","","Unranked","Texas Tech","45"
"747","13","Unranked","Brigham Young","50","@","Unranked","New Mexico State","14"
"748","13","Unranked","Central Florida","49","","Unranked","Alabama-Birmingham","24"
"749","13","Unranked","Colorado State","24","","Unranked","New Mexico","20"
"750","13","Unranked","Connecticut","23","@","19","Louisville","20"
"751","13","6","Florida","37","@","10","Florida State","26"
"752","13","Unranked","Fresno State","48","","Unranked","Air Force","15"
"753","13","3","Georgia","42","","Unranked","Georgia Tech","10"
"754","13","Unranked","Hawaii","48","","Unranked","Nevada-Las Vegas","10"
"755","13","Unranked","Houston","40","","Unranked","Tulane","17"
"756","13","Unranked","Louisiana-Lafayette","52","","Unranked","South Alabama","30"
"757","13","Unranked","Louisiana-Monroe","23","@","Unranked","Florida International","17"
"758","13","Unranked","Memphis","42","","Unranked","Southern Mississippi","24"
"759","13","Unranked","Miami FL","52","@","Unranked","Duke","45"
"760","13","Unranked","Michigan State","26","@","Unranked","Minnesota","10"
"761","13","Unranked","Middle Tennessee State","24","","Unranked","Troy","21"
"762","13","Unranked","Mississippi","41","","25","Mississippi State","24"
"763","13","Unranked","North Carolina","45","","Unranked","Maryland","38"
"764","13","Unranked","North Carolina State","27","","Unranked","Boston College","10"
"765","13","Unranked","Northwestern","50","","Unranked","Illinois","14"
"766","13","1","Notre Dame","22","@","Unranked","Southern California","13"
"767","13","4","Ohio State","26","","20","Michigan","21"
"768","13","14","Oklahoma","51","","22","Oklahoma State","48"
"769","13","5","Oregon","48","@","16","Oregon State","24"
"770","13","Unranked","Penn State","24","","Unranked","Wisconsin","21"
"771","13","Unranked","Pittsburgh","27","","21","Rutgers","6"
"772","13","Unranked","Purdue","56","","Unranked","Indiana","35"
"773","13","Unranked","Rice","33","@","Unranked","Texas-El Paso","24"
"774","13","Unranked","San Diego State","42","@","Unranked","Wyoming","28"
"775","13","Unranked","San Jose State","52","","Unranked","Louisiana Tech","43"
"776","13","13","South Carolina","27","@","12","Clemson","17"
"777","13","Unranked","Southern Methodist","35","","Unranked","Tulsa","27"
"778","13","11","Stanford","35","@","15","UCLA","17"
"779","13","Unranked","Tennessee","37","","Unranked","Kentucky","17"
"780","13","9","Texas A&M","59","","Unranked","Missouri","29"
"781","13","Unranked","Texas-San Antonio","38","","Unranked","Texas State","31"
"782","13","25","Utah State","45","","Unranked","Idaho","9"
"783","13","Unranked","Vanderbilt","55","@","Unranked","Wake Forest","21"
"784","13","Unranked","Virginia Tech","17","","Unranked","Virginia","14"
"785","13","Unranked","Western Kentucky","25","","Unranked","North Texas","24"
"786","14","Unranked","Louisville","20","@","Unranked","Rutgers","17"
"787","14","19","Northern Illinois","44","","18","Kent State","37"
"788","14","8","Stanford","27","","17","UCLA","24"
"789","14","2","Alabama","32","","3","Georgia","28"
"790","14","Unranked","Arkansas State","45","","Unranked","Middle Tennessee State","0"
"791","14","Unranked","Baylor","41","","24","Oklahoma State","34"
"792","14","25","Boise State","27","@","Unranked","Nevada","21"
"793","14","Unranked","Cincinnati","34","@","Unranked","Connecticut","17"
"794","14","13","Florida State","21","","Unranked","Georgia Tech","15"
"795","14","Unranked","Hawaii","23","","Unranked","South Alabama","7"
"796","14","7","Kansas State","42","","23","Texas","24"
"797","14","Unranked","Louisiana-Lafayette","35","@","Unranked","Florida Atlantic","21"
"798","14","12","Oklahoma","24","@","Unranked","Texas Christian","17"
"799","14","16","Oregon State","77","","Unranked","Nicholls State","3"
"800","14","Unranked","Pittsburgh","27","@","Unranked","South Florida","3"
"801","14","Unranked","Texas State","66","","Unranked","New Mexico State","28"
"802","14","Unranked","Tulsa","33","","Unranked","Central Florida","27"
"803","14","Unranked","West Virginia","59","","Unranked","Kansas","10"
"804","14","Unranked","Wisconsin","70","","14","Nebraska","31"
"805","15","Unranked","Navy","17","","Unranked","Army","13"
"806","16","Unranked","Arizona","49","","Unranked","Nevada","48"
"807","16","18","Utah State","41","","Unranked","Toledo","15"
"808","17","Unranked","Brigham Young","23","@","Unranked","San Diego State","6"
"809","17","Unranked","Central Florida","38","","Unranked","Ball State","17"
"810","17","20","Boise State","28","","Unranked","Washington","26"
"811","17","Unranked","Louisiana-Lafayette","43","","Unranked","East Carolina","34"
"812","17","Unranked","Southern Methodist","43","","Unranked","Fresno State","10"
"813","18","Unranked","Central Michigan","24","","Unranked","Western Kentucky","21"
"814","18","Unranked","Baylor","49","","17","UCLA","26"
"815","18","Unranked","Cincinnati","48","","Unranked","Duke","34"
"816","18","24","San Jose State","29","","Unranked","Bowling Green State","20"
"817","18","Unranked","Ohio","45","","Unranked","Louisiana-Monroe","14"
"818","18","Unranked","Texas Tech","34","","Unranked","Minnesota","31"
"819","18","Unranked","Virginia Tech","13","","Unranked","Rutgers","10"
"820","18","Unranked","Arizona State","62","","Unranked","Navy","28"
"821","18","Unranked","Michigan State","17","","Unranked","Texas Christian","16"
"822","18","Unranked","Rice","33","","Unranked","Air Force","14"
"823","18","Unranked","Syracuse","38","","Unranked","West Virginia","14"
"824","18","Unranked","Texas","31","","15","Oregon State","27"
"825","19","14","Clemson","25","","9","Louisiana State","24"
"826","19","Unranked","Georgia Tech","21","","Unranked","Southern California","7"
"827","19","Unranked","Tulsa","31","","Unranked","Iowa State","17"
"828","19","Unranked","Vanderbilt","38","","Unranked","North Carolina State","24"
"829","20","13","Florida State","31","","16","Northern Illinois","10"
"830","20","6","Georgia","45","","23","Nebraska","31"
"831","20","21","Northwestern","34","","Unranked","Mississippi State","20"
"832","20","Unranked","Oklahoma State","58","","Unranked","Purdue","14"
"833","20","11","South Carolina","33","","19","Michigan","28"
"834","20","8","Stanford","20","","Unranked","Wisconsin","14"
"835","20","22","Louisville","33","","4","Florida","23"
"836","20","5","Oregon","35","","7","Kansas State","17"
"837","20","10","Texas A&M","41","","12","Oklahoma","13"
"838","20","Unranked","Mississippi","38","","Unranked","Pittsburgh","17"
"839","20","Unranked","Arkansas State","17","","25","Kent State","13"
"840","20","2","Alabama","42","","1","Notre Dame","14"
