"","game.id","w.id","l.id","week","w.conference","w.abbrvs","w.rank","w.name","w.pts","location","l.pts","l.name","l.rank","l.abbrvs","l.conference"
"519",1,1,96,1,"Pac-12","ASU",26,"Arizona State",63,"",6,"Northern Arizona",26,"NOAZ","FCS"
"190",2,2,132,1,"Mid-American","BALL",26,"Ball State",37,"",26,"Eastern Michigan",26,"EMU","Mid-American"
"797",3,3,108,1,"Independent","BYU",26,"Brigham Young",30,"",6,"Washington State",26,"WSU","Pac-12"
"15",4,4,110,1,"Conference USA","UCF",26,"Central Florida",56,"@",14,"Akron",26,"AKRON","Mid-American"
"620",5,5,134,1,"Mid-American","CMU",26,"Central Michigan",38,"",27,"Southeast Missouri State",26,"SEMIZZ","FCS"
"371",6,6,133,1,"Big East","UCONN",26,"Connecticut",37,"",0,"Massachusetts",26,"UMASS","Mid-American"
"259",7,7,129,1,"FCS","EWU",26,"Eastern Washington",20,"@",3,"Idaho",26,"ID","Western Athletic"
"722",8,8,135,1,"Mid-American","KENT",26,"Kent State",41,"",21,"Towson",26,"TOW","FCS"
"417",9,9,92,1,"FCS","MCNST",26,"McNeese State",27,"@",21,"Middle Tennessee State",26,"MTSU","Sun Belt"
"464",10,10,123,1,"Big Ten","MINN",26,"Minnesota",30,"@",27,"Nevada-Las Vegas",26,"UNLV","Mountain West"
"582",11,11,100,1,"Western Athletic","NMSU",26,"New Mexico State",49,"",19,"Sacramento State",26,"SACRST","FCS"
"759",12,12,120,1,"Southeastern","SC",9,"South Carolina",17,"@",13,"Vanderbilt",26,"VAN","Southeastern"
"573",13,13,99,1,"Pac-12","UCLA",26,"UCLA",49,"@",24,"Rice",26,"RICE","Conference USA"
"520",14,14,136,1,"Pac-12","UTAH",26,"Utah",41,"",0,"Northern Colorado",26,"NOCOL","FCS"
"649",15,15,137,1,"Western Athletic","UTST",26,"Utah State",34,"",3,"Southern Utah",26,"SUTAH","FCS"
"777",16,16,138,1,"Sun Belt","FAU",26,"Florida Atlantic",7,"",3,"Wagner",26,"WAG","FCS"
"84",17,17,112,1,"Big Ten","MSU",13,"Michigan State",17,"",13,"Boise State",24,"BST","Mountain West"
"591",18,18,102,1,"Pac-12","STAN",21,"Stanford",20,"",17,"San Jose State",26,"SJSU","Western Athletic"
"761",19,19,139,1,"Big East","TEM",26,"Temple",41,"",10,"Villanova",26,"VILL","FCS"
"509",20,20,93,1,"Southeastern","TEN",26,"Tennessee",35,"",21,"North Carolina State",26,"NCST","Atlantic Coast"
"268",21,21,140,1,"Mountain West","AF",26,"Air Force",49,"",21,"Idaho State",26,"IDST","FCS"
"406",22,22,91,1,"Southeastern","BAMA",2,"Alabama",41,"",14,"Michigan",8,"MICH","Big Ten"
"720",23,23,106,1,"Pac-12","ARI",26,"Arizona",24,"",17,"Toledo",26,"TOL","Mid-American"
"305",24,24,141,1,"Southeastern","ARK",10,"Arkansas",49,"",24,"Jacksonville State",26,"JVILST","FCS"
"67",25,25,111,1,"Atlantic Coast","CLEM",14,"Clemson",26,"",19,"Auburn",26,"AUB","Southeastern"
"145",26,26,121,1,"Mountain West","COLS",26,"Colorado State",22,"",17,"Colorado",26,"COL","Pac-12"
"216",27,27,83,1,"Atlantic Coast","DUKE",26,"Duke",46,"",26,"Florida International",26,"FIU","Sun Belt"
"31",28,28,142,1,"Conference USA","ECU",26,"East Carolina",35,"",13,"Appalachian State",26,"APPST","FCS"
"100",29,29,80,1,"Southeastern","UF",23,"Florida",27,"",14,"Bowling Green State",26,"BG","Mid-American"
"447",30,30,143,1,"Atlantic Coast","FSU",7,"Florida State",69,"",3,"Murray State",26,"MURR","FCS"
"800",31,31,144,1,"Mountain West","FRES",26,"Fresno State",37,"",10,"Weber State",26,"WEBST","FCS"
"109",32,32,81,1,"Southeastern","UGA",6,"Georgia",45,"",23,"Buffalo",26,"BUF","Mid-American"
"820",33,33,109,1,"Big Ten","IL",26,"Illinois",24,"",7,"Western Michigan",26,"WMU","Mid-American"
"288",34,34,145,1,"Big Ten","IND",26,"Indiana",24,"",17,"Indiana State",26,"INDST","FCS"
"522",35,35,97,1,"Big Ten","IOWA",26,"Iowa",18,"@",17,"Northern Illinois",26,"NIU","Mid-American"
"741",36,36,107,1,"Big 12","ISU",26,"Iowa State",38,"",23,"Tulsa",26,"TULSA","Conference USA"
"610",37,37,146,1,"Big 12","KU",26,"Kansas",31,"",17,"South Dakota State",26,"SDKSU","FCS"
"444",38,38,147,1,"Big 12","KSU",22,"Kansas State",51,"",9,"Missouri State",26,"MIZZST","FCS"
"513",39,39,95,1,"Southeastern","LSU",3,"Louisiana State",41,"",14,"North Texas",26,"NTEX","Sun Belt"
"334",40,40,148,1,"Sun Belt","LA-L",26,"Louisiana-Lafayette",40,"",0,"Lamar",26,"LAMAR","FCS"
"825",41,41,149,1,"Atlantic Coast","MARY",26,"Maryland",7,"",6,"William & Mary",26,"W&M","FCS"
"93",42,42,79,1,"Atlantic Coast","MIA",26,"Miami FL",41,"@",32,"Boston College",26,"BC","Atlantic Coast"
"124",43,43,150,1,"Southeastern","OLE",26,"Mississippi",49,"",27,"Central Arkansas",26,"C-ARK","FCS"
"304",44,44,151,1,"Southeastern","MISS ST",26,"Mississippi State",56,"",9,"Jackson State",26,"JST","FCS"
"621",45,45,152,1,"Southeastern","MIZZ",26,"Missouri",62,"",10,"Southeastern Louisiana",26,"SE LOU","FCS"
"645",46,46,153,1,"Big Ten","NEB",17,"Nebraska",49,"",20,"Southern Mississippi",26,"SO MISS","Conference USA"
"117",47,47,82,1,"Mountain West","NEV",26,"Nevada",31,"@",24,"California",26,"CAL","Pac-12"
"623",48,48,154,1,"Mountain West","NM",26,"New Mexico",66,"",21,"Southern",26,"STHRN","FCS"
"196",49,49,155,1,"Atlantic Coast","UNC",26,"North Carolina",62,"",0,"Elon",26,"ELON","FCS"
"660",50,50,117,1,"Big Ten","NU",26,"Northwestern",42,"@",41,"Syracuse",26,"SYR","Big East"
"452",51,51,122,1,"Independent","ND",26,"Notre Dame",50,"",10,"Navy",26,"NAVY","Independent"
"551",52,52,115,1,"Mid-American","OHIO",26,"Ohio",24,"@",14,"Penn State",26,"PENN","Big Ten"
"402",53,53,90,1,"Big Ten","OSU",18,"Ohio State",56,"",10,"Miami OH",26,"MIA-O","Mid-American"
"708",54,54,119,1,"Big 12","OU",4,"Oklahoma",24,"@",7,"Texas-El Paso",26,"UT-EP","Conference USA"
"593",55,55,156,1,"Big 12","OKST",19,"Oklahoma State",84,"",0,"Savannah State",26,"SAVST","FCS"
"51",56,56,78,1,"Pac-12","ORE",5,"Oregon",57,"",34,"Arkansas State",26,"ARKST","Sun Belt"
"184",57,57,157,1,"Big Ten","PUR",26,"Purdue",48,"",6,"Eastern Kentucky",26,"EKU","FCS"
"735",58,58,131,1,"Big East","RUT",26,"Rutgers",24,"@",12,"Tulane",26,"TULA","Conference USA"
"136",59,59,158,1,"Big East","SFU",26,"South Florida",34,"",13,"Chattanooga",26,"CHATT","FCS"
"242",60,60,114,1,"Pac-12","USC",1,"Southern California",49,"",10,"Hawaii",26,"HAW","Mountain West"
"389",61,61,130,1,"FCS","TNMT",26,"Tennessee-Martin",20,"@",17,"Memphis",26,"MEM","Conference USA"
"833",62,62,124,1,"Big 12","TEX",15,"Texas",37,"",17,"Wyoming",26,"WYO","Mountain West"
"249",63,63,125,1,"Western Athletic","TEXST",26,"Texas State",30,"@",13,"Houston",26,"HOU","Conference USA"
"530",64,64,159,1,"Big 12","TTU",26,"Texas Tech",44,"",6,"Northwestern State",26,"NWST","FCS"
"600",65,65,103,1,"Western Athletic","UTSA",26,"Texas-San Antonio",33,"@",31,"South Alabama",26,"SOBAMA","Sun Belt"
"28",66,66,127,1,"Sun Belt","TROY",26,"Troy",39,"@",29,"Alabama-Birmingham",26,"UAB","Conference USA"
"577",67,67,160,1,"Atlantic Coast","UVA",26,"Virginia",43,"",19,"Richmond",26,"RICH","FCS"
"336",68,68,161,1,"Atlantic Coast","WAKE",26,"Wake Forest",20,"",17,"Liberty",26,"LIB","FCS"
"586",69,69,101,1,"Pac-12","WASH",26,"Washington",21,"",12,"San Diego State",26,"SDSU","Mountain West"
"358",70,70,89,1,"Big 12","WV",11,"West Virginia",69,"",34,"Marshall",26,"MAR ","Conference USA"
"73",71,71,162,1,"Sun Belt","WKU",26,"Western Kentucky",49,"",10,"Austin Peay",26,"PEAY","FCS"
"523",72,72,163,1,"Big Ten","WIS",12,"Wisconsin",26,"",21,"Northern Iowa",26,"UNI","FCS"
"556",73,73,116,1,"FCS","YST",26,"Youngstown State",31,"@",17,"Pittsburgh",26,"PITT","Big East"
"631",74,74,104,1,"Big 12","BAY",26,"Baylor",59,"",24,"Southern Methodist",26,"SMU","Conference USA"
"327",75,75,86,1,"Big East","LOU",23,"Louisville",32,"",14,"Kentucky",26,"UK","Southeastern"
"237",76,76,84,1,"Atlantic Coast","VT",15,"Virginia Tech",20,"",17,"Georgia Tech",26,"GT","Atlantic Coast"
"558",77,77,116,2,"Big East","CIN",26,"Cincinnati",34,"",10,"Pittsburgh",26,"PITT","Big East"
"749",78,15,14,2,"Western Athletic","UTST",26,"Utah State",27,"",20,"Utah",26,"UTAH","Pac-12"
"814",79,22,71,2,"Southeastern","BAMA",1,"Alabama",35,"",0,"Western Kentucky",26,"WKU","Sun Belt"
"543",80,23,55,2,"Pac-12","ARI",26,"Arizona",59,"",38,"Oklahoma State",18,"OKST","Big 12"
"275",81,1,33,2,"Pac-12","ASU",26,"Arizona State",45,"",14,"Illinois",26,"IL","Big Ten"
"382",82,78,130,2,"Sun Belt","ARKST",26,"Arkansas State",33,"",28,"Memphis",26,"MEM","Conference USA"
"354",83,79,164,2,"Atlantic Coast","BC",26,"Boston College",34,"",3,"Maine",26,"MAINE","FCS"
"260",84,80,129,2,"Mid-American","BG",26,"Bowling Green State",21,"",13,"Idaho",26,"ID","Western Athletic"
"801",85,3,144,2,"Independent","BYU",26,"Brigham Young",45,"",13,"Weber State",26,"WEBST","FCS"
"445",86,81,165,2,"Mid-American","BUF",26,"Buffalo",56,"",34,"Morgan State",26,"MORG","FCS"
"650",87,82,137,2,"Pac-12","CAL",26,"California",50,"",31,"Southern Utah",26,"SUTAH","FCS"
"75",88,25,2,2,"Atlantic Coast","CLEM",12,"Clemson",52,"",27,"Ball State",26,"BALL","Mid-American"
"681",89,29,118,2,"Southeastern","UF",24,"Florida",20,"@",17,"Texas A&M",26,"TAMU","Southeastern"
"14",90,83,110,2,"Sun Belt","FIU",26,"Florida International",41,"",38,"Akron",26,"AKRON","Mid-American"
"592",91,30,156,2,"Atlantic Coast","FSU",6,"Florida State",55,"",0,"Savannah State",26,"SAVST","FCS"
"437",92,32,45,2,"Southeastern","UGA",7,"Georgia",41,"@",20,"Missouri",26,"MIZZ","Southeastern"
"562",93,84,166,2,"Atlantic Coast","GT",26,"Georgia Tech",59,"",3,"Presbyterian",26,"PRESB","FCS"
"189",94,85,132,2,"FCS","ILST",26,"Illinois State",31,"@",14,"Eastern Michigan",26,"EMU","Mid-American"
"373",95,34,133,2,"Big Ten","IND",26,"Indiana",45,"@",6,"Massachusetts",26,"UMASS","Mid-American"
"293",96,36,35,2,"Big 12","ISU",26,"Iowa State",9,"@",6,"Iowa",26,"IOWA","Big Ten"
"390",97,38,42,2,"Big 12","KSU",21,"Kansas State",52,"",13,"Miami FL",26,"MIA","Atlantic Coast"
"322",98,86,8,2,"Southeastern","UK",26,"Kentucky",47,"",14,"Kent State",26,"KENT","Mid-American"
"790",99,39,69,2,"Southeastern","LSU",3,"Louisiana State",41,"",3,"Washington",26,"WASH","Pac-12"
"254",100,87,125,2,"Western Athletic","LTU",26,"Louisiana Tech",56,"@",49,"Houston",26,"HOU","Conference USA"
"727",101,40,66,2,"Sun Belt","LA-L",26,"Louisiana-Lafayette",37,"@",24,"Troy",26,"TROY","Sun Belt"
"47",102,88,24,2,"Sun Belt","LA-M",26,"Louisiana-Monroe",34,"@",31,"Arkansas",8,"ARK","Southeastern"
"443",103,75,147,2,"Big East","LOU",23,"Louisville",35,"",7,"Missouri State",26,"MIZZST","FCS"
"808",104,89,167,2,"Conference USA","MAR ",26,"Marshall",52,"",24,"Western Carolina",26,"WCU","FCS"
"666",105,41,19,2,"Atlantic Coast","MARY",26,"Maryland",36,"@",27,"Temple",26,"TEM","Big East"
"630",106,90,168,2,"Mid-American","MIA-O",26,"Miami OH",30,"",14,"Southern Illinois",26,"SILLN","FCS"
"3",107,91,21,2,"Big Ten","MICH",19,"Michigan",31,"",25,"Air Force",26,"AF","Mountain West"
"132",108,17,5,2,"Big Ten","MSU",11,"Michigan State",41,"@",7,"Central Michigan",26,"CMU","Mid-American"
"201",109,92,16,2,"Sun Belt","MTSU",26,"Middle Tennessee State",31,"",17,"Florida Atlantic",26,"FAU","Sun Belt"
"474",110,10,169,2,"Big Ten","MINN",26,"Minnesota",44,"",7,"New Hampshire",26,"NHAMP","FCS"
"707",111,43,119,2,"Southeastern","OLE",26,"Mississippi",28,"",10,"Texas-El Paso",26,"UT-EP","Conference USA"
"63",112,44,111,2,"Southeastern","MISS ST",26,"Mississippi State",28,"",10,"Auburn",26,"AUB","Southeastern"
"163",113,93,6,2,"Atlantic Coast","NCST",26,"North Carolina State",10,"@",7,"Connecticut",26,"UCONN","Big East"
"161",114,94,26,2,"FCS","NDKST",26,"North Dakota State",22,"@",7,"Colorado State",26,"COLS","Mountain West"
"690",115,95,170,2,"Sun Belt","NTEX",26,"North Texas",34,"",7,"Texas Southern",26,"TEXSTH","FCS"
"466",116,96,123,2,"FCS","NOAZ",26,"Northern Arizona",17,"@",14,"Nevada-Las Vegas",26,"UNLV","Mountain West"
"676",117,97,61,2,"Mid-American","NIU",26,"Northern Illinois",35,"",7,"Tennessee-Martin",26,"TNMT","FCS"
"758",118,50,120,2,"Big Ten","NU",26,"Northwestern",23,"",13,"Vanderbilt",26,"VAN","Southeastern"
"569",119,51,57,2,"Independent","ND",22,"Notre Dame",20,"",17,"Purdue",26,"PUR","Big Ten"
"486",120,52,11,2,"Mid-American","OHIO",26,"Ohio",51,"",24,"New Mexico State",26,"NMSU","Western Athletic"
"125",121,53,4,2,"Big Ten","OSU",14,"Ohio State",31,"",16,"Central Florida",26,"UCF","Conference USA"
"199",122,54,171,2,"Big 12","OU",5,"Oklahoma",69,"",13,"Florida A&M",26,"F A&M","FCS"
"223",123,56,31,2,"Pac-12","ORE",4,"Oregon",42,"",25,"Fresno State",26,"FRES","Mountain West"
"827",124,98,72,2,"Pac-12","ORST",26,"Oregon State",10,"",7,"Wisconsin",13,"WIS","Big Ten"
"312",125,99,37,2,"Conference USA","RICE",26,"Rice",25,"@",24,"Kansas",26,"KU","Big 12"
"256",126,58,172,2,"Big East","RUT",26,"Rutgers",26,"",0,"Howard",26,"HOW","FCS"
"149",127,100,121,2,"FCS","SACRST",26,"Sacramento State",30,"@",28,"Colorado",26,"COL","Pac-12"
"55",128,101,128,2,"Mountain West","SDSU",26,"San Diego State",42,"",7,"Army",26,"ARMY","Independent"
"123",129,102,173,2,"Western Athletic","SJSU",26,"San Jose State",45,"",13,"California-Davis",26,"UC-D","FCS"
"496",130,103,174,2,"Sun Belt","SOBAMA",26,"South Alabama",9,"",3,"Nicholls State",26,"NICHST","FCS"
"181",131,12,28,2,"Southeastern","SC",9,"South Carolina",48,"",10,"East Carolina",26,"ECU","Conference USA"
"458",132,59,47,2,"Big East","SFU",26,"South Florida",32,"@",31,"Nevada",26,"NEV","Mountain West"
"658",133,60,117,2,"Pac-12","USC",2,"Southern California",42,"@",29,"Syracuse",26,"SYR","Big East"
"654",134,104,175,2,"Conference USA","SMU",26,"Southern Methodist",52,"",0,"Stephen F. Austin",26,"SFAUST","FCS"
"175",135,18,27,2,"Pac-12","STAN",25,"Stanford",50,"",13,"Duke",26,"DUKE","Atlantic Coast"
"231",136,20,176,2,"Southeastern","TEN",26,"Tennessee",51,"",13,"Georgia State",26,"GEORST","FCS"
"479",137,62,48,2,"Big 12","TEX",17,"Texas",45,"",0,"New Mexico",26,"NM","Mountain West"
"239",138,105,177,2,"Big 12","TCU",20,"Texas Christian",56,"",0,"Grambling State",26,"GRAMB","FCS"
"698",139,64,63,2,"Big 12","TTU",26,"Texas Tech",58,"@",10,"Texas State",26,"TEXST","Western Athletic"
"683",140,65,178,2,"Western Athletic","UTSA",26,"Texas-San Antonio",27,"",16,"Texas A&M-Commerce",26,"T A&M-C","Division II"
"835",141,106,124,2,"Mid-American","TOL",26,"Toledo",34,"@",31,"Wyoming",26,"WYO","Mountain West"
"730",142,107,131,2,"Conference USA","TULSA",26,"Tulsa",45,"",10,"Tulane",26,"TULA","Conference USA"
"456",143,13,46,2,"Pac-12","UCLA",26,"UCLA",36,"",30,"Nebraska",16,"NEB","Big Ten"
"550",144,67,115,2,"Atlantic Coast","UVA",26,"Virginia",17,"",16,"Penn State",26,"PENN","Big Ten"
"72",145,76,162,2,"Atlantic Coast","VT",15,"Virginia Tech",42,"",7,"Austin Peay",26,"PEAY","FCS"
"499",146,68,49,2,"Atlantic Coast","WAKE",26,"Wake Forest",28,"",27,"North Carolina",26,"UNC","Atlantic Coast"
"195",147,108,7,2,"Pac-12","WSU",26,"Washington State",24,"",20,"Eastern Washington",26,"EWU","FCS"
"183",148,109,179,2,"Mid-American","WMU",26,"Western Michigan",52,"",21,"Eastern Illinois",26,"EILLN","FCS"
"618",149,58,59,3,"Big East","RUT",26,"Rutgers",23,"@",13,"South Florida",26,"SFU","Big East"
"473",150,108,123,3,"Pac-12","WSU",26,"Washington State",35,"@",27,"Nevada-Las Vegas",26,"UNLV","Mountain West"
"446",151,110,165,3,"Mid-American","AKRON",26,"Akron",66,"",6,"Morgan State",26,"MORG","FCS"
"42",152,22,24,3,"Southeastern","BAMA",1,"Alabama",52,"@",0,"Arkansas",26,"ARK","Southeastern"
"607",153,23,180,3,"Pac-12","ARI",24,"Arizona",56,"",0,"South Carolina State",26,"SCST","FCS"
"348",154,111,88,3,"Southeastern","AUB",26,"Auburn",31,"",28,"Louisiana-Monroe",26,"LA-M","Sun Belt"
"280",155,2,34,3,"Mid-American","BALL",26,"Ball State",41,"@",39,"Indiana",26,"IND","Big Ten"
"583",156,74,181,3,"Big 12","BAY",26,"Baylor",48,"",23,"Sam Houston State",26,"SAMH","FCS"
"398",157,112,90,3,"Mountain West","BST",26,"Boise State",39,"",12,"Miami OH",26,"MIA-O","Mid-American"
"834",158,113,124,3,"FCS","CAL-P",26,"Cal Poly",24,"@",22,"Wyoming",26,"WYO","Mountain West"
"217",159,4,83,3,"Conference USA","UCF",26,"Central Florida",33,"",20,"Florida International",26,"FIU","Sun Belt"
"170",160,77,182,3,"Big East","CIN",26,"Cincinnati",23,"",7,"Delaware State",26,"DELST","FCS"
"225",161,25,183,3,"Atlantic Coast","CLEM",11,"Clemson",41,"",7,"Furman",26,"FUR","FCS"
"369",162,6,41,3,"Big East","UCONN",26,"Connecticut",24,"@",21,"Maryland",26,"MARY","Atlantic Coast"
"503",163,27,184,3,"Atlantic Coast","DUKE",26,"Duke",54,"",17,"North Carolina Central",26,"NCC","FCS"
"647",164,28,153,3,"Conference USA","ECU",26,"East Carolina",24,"@",14,"Southern Mississippi",26,"SO MISS","Conference USA"
"670",165,29,20,3,"Southeastern","UF",18,"Florida",37,"@",20,"Tennessee",23,"TEN","Southeastern"
"780",166,30,68,3,"Atlantic Coast","FSU",5,"Florida State",52,"",0,"Wake Forest",26,"WAKE","Atlantic Coast"
"147",167,31,121,3,"Mountain West","FRES",26,"Fresno State",69,"",14,"Colorado",26,"COL","Pac-12"
"207",168,32,16,3,"Southeastern","UGA",7,"Georgia",56,"",20,"Florida Atlantic",26,"FAU","Sun Belt"
"762",169,84,67,3,"Atlantic Coast","GT",26,"Georgia Tech",56,"",20,"Virginia",26,"UVA","Atlantic Coast"
"335",170,114,148,3,"Mountain West","HAW",26,"Hawaii",54,"",2,"Lamar",26,"LAMAR","FCS"
"135",171,33,185,3,"Big Ten","IL",26,"Illinois",44,"",0,"Charleston Southern",26,"CHSOU","FCS"
"524",172,35,163,3,"Big Ten","IOWA",26,"Iowa",27,"",16,"Northern Iowa",26,"UNI","FCS"
"810",173,36,186,3,"Big 12","ISU",26,"Iowa State",37,"",3,"Western Illinois",26,"W ILLN","FCS"
"512",174,38,95,3,"Big 12","KSU",15,"Kansas State",35,"",21,"North Texas",26,"NTEX","Sun Belt"
"262",175,39,129,3,"Southeastern","LSU",3,"Louisiana State",63,"",14,"Idaho",26,"ID","Western Athletic"
"576",176,87,99,3,"Western Athletic","LTU",26,"Louisiana Tech",56,"",37,"Rice",26,"RICE","Conference USA"
"500",177,75,49,3,"Big East","LOU",19,"Louisville",39,"",34,"North Carolina",26,"UNC","Atlantic Coast"
"83",178,42,187,3,"Atlantic Coast","MIA",26,"Miami FL",38,"",10,"Bethune-Cookman",26,"BETHCK","FCS"
"374",179,91,133,3,"Big Ten","MICH",17,"Michigan",63,"",13,"Massachusetts",26,"UMASS","Mid-American"
"383",180,92,130,3,"Sun Belt","MTSU",26,"Middle Tennessee State",48,"@",30,"Memphis",26,"MEM","Conference USA"
"819",181,10,109,3,"Big Ten","MINN",26,"Minnesota",28,"",23,"Western Michigan",26,"WMU","Mid-American"
"724",182,44,66,3,"Southeastern","MISS ST",26,"Mississippi State",30,"@",24,"Troy",26,"TROY","Sun Belt"
"37",183,45,1,3,"Southeastern","MIZZ",26,"Missouri",24,"",20,"Arizona State",26,"ASU","Pac-12"
"52",184,46,78,3,"Big Ten","NEB",26,"Nebraska",42,"",13,"Arkansas State",26,"ARKST","Sun Belt"
"529",185,47,159,3,"Mountain West","NEV",26,"Nevada",45,"",34,"Northwestern State",26,"NWST","FCS"
"601",186,93,103,3,"Atlantic Coast","NCST",26,"North Carolina State",31,"",7,"South Alabama",26,"SOBAMA","Sun Belt"
"61",187,97,128,3,"Mid-American","NIU",26,"Northern Illinois",41,"@",40,"Army",26,"ARMY","Independent"
"86",188,50,79,3,"Big Ten","NU",26,"Northwestern",22,"",13,"Boston College",26,"BC","Atlantic Coast"
"408",189,51,17,3,"Independent","ND",20,"Notre Dame",20,"@",3,"Michigan State",10,"MSU","Big Ten"
"360",190,52,89,3,"Mid-American","OHIO",26,"Ohio",27,"@",24,"Marshall",26,"MAR ","Conference USA"
"116",191,53,82,3,"Big Ten","OSU",12,"Ohio State",35,"",28,"California",26,"CAL","Pac-12"
"343",192,55,40,3,"Big 12","OKST",26,"Oklahoma State",65,"",24,"Louisiana-Lafayette",26,"LA-L","Sun Belt"
"675",193,56,188,3,"Pac-12","ORE",4,"Oregon",63,"",14,"Tennessee Tech",26,"TENN TECH","FCS"
"449",194,115,122,3,"Big Ten","PENN",26,"Penn State",34,"",7,"Navy",26,"NAVY","Independent"
"772",195,116,76,3,"Big East","PITT",26,"Pittsburgh",35,"",17,"Virginia Tech",13,"VT","Atlantic Coast"
"187",196,57,132,3,"Big Ten","PUR",26,"Purdue",54,"",16,"Eastern Michigan",26,"EMU","Mid-American"
"510",197,101,189,3,"Mountain West","SDSU",26,"San Diego State",49,"",41,"North Dakota",26,"NDK","FCS"
"156",198,102,26,3,"Western Athletic","SJSU",26,"San Jose State",40,"",20,"Colorado State",26,"COLS","Mountain West"
"22",199,12,127,3,"Southeastern","SC",8,"South Carolina",49,"",6,"Alabama-Birmingham",26,"UAB","Conference USA"
"627",200,18,60,3,"Pac-12","STAN",21,"Stanford",21,"",14,"Southern California",2,"USC","Pac-12"
"655",201,117,126,3,"Big East","SYR",26,"Syracuse",28,"",17,"Stony Brook",26,"STBRK","FCS"
"427",202,62,43,3,"Big 12","TEX",14,"Texas",66,"@",31,"Mississippi",26,"OLE","Southeastern"
"636",203,118,104,3,"Southeastern","TAMU",26,"Texas A&M",48,"@",3,"Southern Methodist",26,"SMU","Conference USA"
"310",204,105,37,3,"Big 12","TCU",16,"Texas Christian",20,"@",6,"Kansas",26,"KU","Big 12"
"481",205,64,48,3,"Big 12","TTU",26,"Texas Tech",49,"",14,"New Mexico",26,"NM","Mountain West"
"489",206,119,11,3,"Conference USA","UT-EP",26,"Texas-El Paso",41,"",28,"New Mexico State",26,"NMSU","Western Athletic"
"230",207,65,176,3,"Western Athletic","UTSA",26,"Texas-San Antonio",38,"@",14,"Georgia State",26,"GEORST","FCS"
"99",208,106,80,3,"Mid-American","TOL",26,"Toledo",27,"",15,"Bowling Green State",26,"BG","Mid-American"
"495",209,107,174,3,"Conference USA","TULSA",26,"Tulsa",66,"",16,"Nicholls State",26,"NICHST","FCS"
"251",210,13,125,3,"Pac-12","UCLA",22,"UCLA",37,"",6,"Houston",26,"HOU","Conference USA"
"101",211,14,3,3,"Pac-12","UTAH",26,"Utah",24,"",21,"Brigham Young",25,"BYU","Independent"
"561",212,120,166,3,"Southeastern","VAN",26,"Vanderbilt",58,"",0,"Presbyterian",26,"PRESB","FCS"
"560",213,69,190,3,"Pac-12","WASH",26,"Washington",52,"",13,"Portland State",26,"PORTST","FCS"
"307",214,70,191,3,"Big 12","WV",9,"West Virginia",42,"",12,"James Madison",26,"JAMES","FCS"
"332",215,71,86,3,"Sun Belt","WKU",26,"Western Kentucky",32,"@",31,"Kentucky",26,"UK","Southeastern"
"755",216,72,15,3,"Big Ten","WIS",26,"Wisconsin",16,"",14,"Utah State",26,"UTST","Western Athletic"
"110",217,8,81,4,"Mid-American","KENT",26,"Kent State",23,"@",7,"Buffalo",26,"BUF","Mid-American"
"102",218,112,3,4,"Mountain West","BST",24,"Boise State",7,"",6,"Brigham Young",26,"BYU","Independent"
"349",219,74,88,4,"Big 12","BAY",26,"Baylor",47,"@",42,"Louisiana-Monroe",26,"LA-M","Sun Belt"
"206",220,22,16,4,"Southeastern","BAMA",1,"Alabama",40,"",7,"Florida Atlantic",26,"FAU","Sun Belt"
"753",221,1,14,4,"Pac-12","ASU",26,"Arizona State",37,"",7,"Utah",26,"UTAH","Pac-12"
"30",222,78,192,4,"Sun Belt","ARKST",26,"Arkansas State",56,"",0,"Alcorn State",26,"ALCORN","FCS"
"613",223,2,59,4,"Mid-American","BALL",26,"Ball State",31,"",27,"South Florida",26,"SFU","Big East"
"290",224,5,35,4,"Mid-American","CMU",26,"Central Michigan",32,"@",31,"Iowa",26,"IOWA","Big Ten"
"793",225,121,108,4,"Pac-12","COL",26,"Colorado",35,"@",34,"Washington State",26,"WSU","Pac-12"
"388",226,27,130,4,"Atlantic Coast","DUKE",26,"Duke",38,"",14,"Memphis",26,"MEM","Conference USA"
"324",227,29,86,4,"Southeastern","UF",14,"Florida",38,"",0,"Kentucky",26,"UK","Southeastern"
"141",228,30,25,4,"Atlantic Coast","FSU",4,"Florida State",49,"",37,"Clemson",10,"CLEM","Atlantic Coast"
"757",229,32,120,4,"Southeastern","UGA",5,"Georgia",48,"",3,"Vanderbilt",26,"VAN","Southeastern"
"538",230,38,54,4,"Big 12","KSU",15,"Kansas State",24,"@",19,"Oklahoma",6,"OU","Big 12"
"66",231,39,111,4,"Southeastern","LSU",2,"Louisiana State",12,"@",10,"Auburn",26,"AUB","Southeastern"
"272",232,87,33,4,"Western Athletic","LTU",26,"Louisiana Tech",52,"@",24,"Illinois",26,"IL","Big Ten"
"213",233,75,83,4,"Big East","LOU",20,"Louisville",28,"@",21,"Florida International",26,"FIU","Sun Belt"
"571",234,89,99,4,"Conference USA","MAR ",26,"Marshall",54,"@",51,"Rice",26,"RICE","Conference USA"
"234",235,42,84,4,"Atlantic Coast","MIA",26,"Miami FL",42,"@",36,"Georgia Tech",26,"GT","Atlantic Coast"
"376",236,90,133,4,"Mid-American","MIA-O",26,"Miami OH",27,"",16,"Massachusetts",26,"UMASS","Mid-American"
"191",237,17,132,4,"Big Ten","MSU",21,"Michigan State",23,"",7,"Eastern Michigan",26,"EMU","Mid-American"
"657",238,10,117,4,"Big Ten","MINN",26,"Minnesota",17,"",10,"Syracuse",26,"SYR","Big East"
"736",239,43,131,4,"Southeastern","OLE",26,"Mississippi",39,"",0,"Tulane",26,"TULA","Conference USA"
"603",240,44,103,4,"Southeastern","MISS ST",23,"Mississippi State",30,"",10,"South Alabama",26,"SOBAMA","Sun Belt"
"770",241,122,193,4,"Independent","NAVY",26,"Navy",41,"",3,"Virginia Military Institute",26,"VMI","FCS"
"269",242,46,140,4,"Big Ten","NEB",25,"Nebraska",73,"",7,"Idaho State",26,"IDST","FCS"
"247",243,47,114,4,"Mountain West","NEV",26,"Nevada",69,"@",24,"Hawaii",26,"HAW","Mountain West"
"6",244,123,21,4,"Mountain West","UNLV",26,"Nevada-Las Vegas",38,"",35,"Air Force",26,"AF","Mountain West"
"485",245,48,11,4,"Mountain West","NM",26,"New Mexico",27,"@",14,"New Mexico State",26,"NMSU","Western Athletic"
"182",246,49,28,4,"Atlantic Coast","UNC",26,"North Carolina",27,"",6,"East Carolina",26,"ECU","Conference USA"
"140",247,93,194,4,"Atlantic Coast","NCST",26,"North Carolina State",52,"",14,"Citadel",26,"CIT","FCS"
"318",248,97,37,4,"Mid-American","NIU",26,"Northern Illinois",30,"",23,"Kansas",26,"KU","Big 12"
"609",249,50,195,4,"Big Ten","NU",26,"Northwestern",38,"",7,"South Dakota",26,"USD","FCS"
"407",250,51,91,4,"Independent","ND",11,"Notre Dame",13,"",6,"Michigan",18,"MICH","Big Ten"
"498",251,52,196,4,"Mid-American","OHIO",26,"Ohio",44,"",10,"Norfolk State",26,"NFLKST","FCS"
"29",252,53,127,4,"Big Ten","OSU",16,"Ohio State",29,"",15,"Alabama-Birmingham",26,"UAB","Conference USA"
"32",253,56,23,4,"Pac-12","ORE",3,"Oregon",49,"",0,"Arizona",22,"ARI","Pac-12"
"747",254,98,13,4,"Pac-12","ORST",26,"Oregon State",27,"@",20,"UCLA",19,"UCLA","Pac-12"
"665",255,115,19,4,"Big Ten","PENN",26,"Penn State",24,"",13,"Temple",26,"TEM","Big East"
"226",256,116,197,4,"Big East","PITT",26,"Pittsburgh",55,"",10,"Gardner-Webb",26,"GARDWB","FCS"
"45",257,58,24,4,"Big East","RUT",26,"Rutgers",35,"@",26,"Arkansas",26,"ARK","Southeastern"
"589",258,102,101,4,"Western Athletic","SJSU",26,"San Jose State",38,"@",34,"San Diego State",26,"SDSU","Mountain West"
"439",259,12,45,4,"Southeastern","SC",7,"South Carolina",31,"",10,"Missouri",26,"MIZZ","Southeastern"
"118",260,60,82,4,"Pac-12","USC",13,"Southern California",27,"",9,"California",26,"CAL","Pac-12"
"11",261,20,110,4,"Southeastern","TEN",26,"Tennessee",47,"",26,"Akron",26,"AKRON","Mid-American"
"608",262,118,180,4,"Southeastern","TAMU",26,"Texas A&M",70,"",14,"South Carolina State",26,"SCST","FCS"
"763",263,105,67,4,"Big 12","TCU",17,"Texas Christian",27,"",7,"Virginia",26,"UVA","Atlantic Coast"
"653",264,63,175,4,"Western Athletic","TEXST",26,"Texas State",41,"",37,"Stephen F. Austin",26,"SFAUST","FCS"
"528",265,65,198,4,"Western Athletic","UTSA",26,"Texas-San Antonio",56,"",3,"Northwestern Oklahoma State",26,"NWOKST","Division II"
"143",266,106,199,4,"Mid-American","TOL",26,"Toledo",38,"",28,"Coastal Carolina",26,"CC","FCS"
"517",267,66,95,4,"Sun Belt","TROY",26,"Troy",14,"@",7,"North Texas",26,"NTEX","Sun Belt"
"221",268,107,31,4,"Conference USA","TULSA",26,"Tulsa",27,"",26,"Fresno State",26,"FRES","Mountain West"
"162",269,15,26,4,"Western Athletic","UTST",26,"Utah State",31,"@",19,"Colorado State",26,"COLS","Mountain West"
"96",270,76,80,4,"Atlantic Coast","VT",26,"Virginia Tech",37,"",0,"Bowling Green State",26,"BG","Mid-American"
"58",271,68,128,4,"Atlantic Coast","WAKE",26,"Wake Forest",49,"",37,"Army",26,"ARMY","Independent"
"365",272,70,41,4,"Big 12","WV",8,"West Virginia",31,"",21,"Maryland",26,"MARY","Atlantic Coast"
"637",273,71,153,4,"Sun Belt","WKU",26,"Western Kentucky",42,"",17,"Southern Mississippi",26,"SO MISS","Conference USA"
"164",274,109,6,4,"Mid-American","WMU",26,"Western Michigan",30,"",24,"Connecticut",26,"UCONN","Big East"
"705",275,72,119,4,"Big Ten","WIS",26,"Wisconsin",37,"",26,"Texas-El Paso",26,"UT-EP","Conference USA"
"264",276,124,129,4,"Mountain West","WYO",26,"Wyoming",40,"@",37,"Idaho",26,"ID","Western Athletic"
"651",277,69,18,5,"Pac-12","WASH",26,"Washington",17,"",13,"Stanford",8,"STAN","Pac-12"
"246",278,3,114,5,"Independent","BYU",26,"Brigham Young",47,"",0,"Hawaii",26,"HAW","Mountain West"
"157",279,21,26,5,"Mountain West","AF",26,"Air Force",42,"",21,"Colorado State",26,"COLS","Mountain West"
"425",280,22,43,5,"Southeastern","BAMA",1,"Alabama",33,"",14,"Mississippi",26,"OLE","Southeastern"
"122",281,1,82,5,"Pac-12","ASU",26,"Arizona State",27,"@",17,"California",26,"CAL","Pac-12"
"476",282,112,48,5,"Mountain West","BST",24,"Boise State",32,"@",29,"New Mexico",26,"NM","Mountain West"
"570",283,80,200,5,"Mid-American","BG",26,"Bowling Green State",48,"",8,"Rhode Island",26,"RI","FCS"
"771",284,77,76,5,"Big East","CIN",26,"Cincinnati",27,"",24,"Virginia Tech",26,"VT","Atlantic Coast"
"88",285,25,79,5,"Atlantic Coast","CLEM",17,"Clemson",45,"@",31,"Boston College",26,"BC","Atlantic Coast"
"112",286,6,81,5,"Big East","UCONN",26,"Connecticut",24,"",17,"Buffalo",26,"BUF","Mid-American"
"778",287,27,68,5,"Atlantic Coast","DUKE",26,"Duke",34,"@",27,"Wake Forest",26,"WAKE","Atlantic Coast"
"706",288,28,119,5,"Conference USA","ECU",26,"East Carolina",28,"",18,"Texas-El Paso",26,"UT-EP","Conference USA"
"614",289,30,59,5,"Atlantic Coast","FSU",4,"Florida State",30,"@",17,"South Florida",26,"SFU","Big East"
"588",290,31,101,5,"Mountain West","FRES",26,"Fresno State",52,"",40,"San Diego State",26,"SDSU","Mountain West"
"674",291,32,20,5,"Southeastern","UGA",5,"Georgia",51,"",44,"Tennessee",26,"TEN","Southeastern"
"572",292,125,99,5,"Conference USA","HOU",26,"Houston",35,"",14,"Rice",26,"RICE","Conference USA"
"422",293,35,10,5,"Big Ten","IOWA",26,"Iowa",31,"",13,"Minnesota",26,"MINN","Big Ten"
"76",294,8,2,5,"Mid-American","KENT",26,"Kent State",45,"",43,"Ball State",26,"BALL","Mid-American"
"721",295,39,135,5,"Southeastern","LSU",3,"Louisiana State",38,"",22,"Towson",26,"TOW","FCS"
"768",296,87,67,5,"Western Athletic","LTU",26,"Louisiana Tech",44,"@",38,"Virginia",26,"UVA","Atlantic Coast"
"211",297,40,83,5,"Sun Belt","LA-L",26,"Louisiana-Lafayette",48,"",20,"Florida International",26,"FIU","Sun Belt"
"734",298,88,131,5,"Sun Belt","LA-M",26,"Louisiana-Monroe",63,"@",10,"Tulane",26,"TULA","Conference USA"
"640",299,75,153,5,"Big East","LOU",19,"Louisville",21,"@",17,"Southern Mississippi",26,"SO MISS","Conference USA"
"505",300,42,93,5,"Atlantic Coast","MIA",26,"Miami FL",44,"",37,"North Carolina State",26,"NCST","Atlantic Coast"
"9",301,90,110,5,"Mid-American","MIA-O",26,"Miami OH",56,"@",49,"Akron",26,"AKRON","Mid-American"
"232",302,92,84,5,"Sun Belt","MTSU",26,"Middle Tennessee State",49,"@",28,"Georgia Tech",26,"GT","Atlantic Coast"
"128",303,45,4,5,"Southeastern","MIZZ",26,"Missouri",21,"@",16,"Central Florida",26,"UCF","Conference USA"
"831",304,46,72,5,"Big Ten","NEB",22,"Nebraska",30,"",27,"Wisconsin",26,"WIS","Big Ten"
"695",305,47,63,5,"Mountain West","NEV",26,"Nevada",34,"@",21,"Texas State",26,"TEXST","Western Athletic"
"265",306,49,129,5,"Atlantic Coast","UNC",26,"North Carolina",66,"",0,"Idaho",26,"ID","Western Athletic"
"202",307,95,16,5,"Sun Belt","NTEX",26,"North Texas",20,"@",14,"Florida Atlantic",26,"FAU","Sun Belt"
"129",308,97,5,5,"Mid-American","NIU",26,"Northern Illinois",55,"",24,"Central Michigan",26,"CMU","Mid-American"
"286",309,50,34,5,"Big Ten","NU",26,"Northwestern",44,"",29,"Indiana",26,"IND","Big Ten"
"377",310,52,133,5,"Mid-American","OHIO",26,"Ohio",37,"@",34,"Massachusetts",26,"UMASS","Mid-American"
"411",311,53,17,5,"Big Ten","OSU",14,"Ohio State",17,"@",16,"Michigan State",20,"MSU","Big Ten"
"791",312,56,108,5,"Pac-12","ORE",2,"Oregon",51,"@",26,"Washington State",26,"WSU","Pac-12"
"35",313,98,23,5,"Pac-12","ORST",18,"Oregon State",38,"@",35,"Arizona",26,"ARI","Pac-12"
"273",314,115,33,5,"Big Ten","PENN",26,"Penn State",35,"@",7,"Illinois",26,"IL","Big Ten"
"357",315,57,89,5,"Big Ten","PUR",26,"Purdue",51,"",41,"Marshall",26,"MAR ","Conference USA"
"448",316,102,122,5,"Western Athletic","SJSU",26,"San Jose State",12,"@",0,"Navy",26,"NAVY","Independent"
"326",317,12,86,5,"Southeastern","SC",6,"South Carolina",38,"@",17,"Kentucky",26,"UK","Southeastern"
"53",318,126,128,5,"FCS","STBRK",26,"Stony Brook",23,"@",3,"Army",26,"ARMY","Independent"
"541",319,62,55,5,"Big 12","TEX",12,"Texas",41,"@",36,"Oklahoma State",26,"OKST","Big 12"
"49",320,118,24,5,"Southeastern","TAMU",26,"Texas A&M",58,"",10,"Arkansas",26,"ARK","Southeastern"
"635",321,105,104,5,"Big 12","TCU",15,"Texas Christian",24,"@",16,"Southern Methodist",26,"SMU","Conference USA"
"302",322,64,36,5,"Big 12","TTU",26,"Texas Tech",24,"@",13,"Iowa State",26,"ISU","Big 12"
"487",323,65,11,5,"Western Athletic","UTSA",26,"Texas-San Antonio",35,"@",14,"New Mexico State",26,"NMSU","Western Athletic"
"821",324,106,109,5,"Mid-American","TOL",26,"Toledo",37,"@",17,"Western Michigan",26,"WMU","Mid-American"
"598",325,66,103,5,"Sun Belt","TROY",26,"Troy",31,"@",10,"South Alabama",26,"SOBAMA","Sun Belt"
"21",326,107,127,5,"Conference USA","TULSA",26,"Tulsa",49,"@",42,"Alabama-Birmingham",26,"UAB","Conference USA"
"148",327,13,121,5,"Pac-12","UCLA",26,"UCLA",42,"@",14,"Colorado",26,"COL","Pac-12"
"471",328,15,123,5,"Western Athletic","UTST",26,"Utah State",35,"",13,"Nevada-Las Vegas",26,"UNLV","Mountain West"
"79",329,70,74,5,"Big 12","WV",9,"West Virginia",70,"",63,"Baylor",25,"BAY","Big 12"
"50",330,71,78,5,"Sun Belt","WKU",26,"Western Kentucky",26,"@",13,"Arkansas State",26,"ARKST","Sun Belt"
"210",331,78,83,6,"Sun Belt","ARKST",26,"Arkansas State",34,"@",20,"Florida International",26,"FIU","Sun Belt"
"180",332,4,28,6,"Conference USA","UCF",26,"Central Florida",40,"",20,"East Carolina",26,"ECU","Conference USA"
"754",333,60,14,6,"Pac-12","USC",13,"Southern California",38,"@",28,"Utah",26,"UTAH","Pac-12"
"756",334,3,15,6,"Independent","BYU",26,"Brigham Young",6,"",3,"Utah State",26,"UTST","Western Athletic"
"557",335,117,116,6,"Big East","SYR",26,"Syracuse",14,"",13,"Pittsburgh",26,"PITT","Big East"
"622",336,127,152,6,"Conference USA","UAB",26,"Alabama-Birmingham",52,"",3,"Southeastern Louisiana",26,"SE LOU","FCS"
"70",337,24,111,6,"Southeastern","ARK",26,"Arkansas",24,"@",7,"Auburn",26,"AUB","Southeastern"
"94",338,128,79,6,"Independent","ARMY",26,"Army",34,"",31,"Boston College",26,"BC","Atlantic Coast"
"642",339,112,153,6,"Mountain West","BST",26,"Boise State",40,"@",14,"Southern Mississippi",26,"SO MISS","Conference USA"
"16",340,80,110,6,"Mid-American","BG",26,"Bowling Green State",24,"@",10,"Akron",26,"AKRON","Mid-American"
"746",341,82,13,6,"Pac-12","CAL",26,"California",43,"",17,"UCLA",25,"UCLA","Pac-12"
"396",342,77,90,6,"Big East","CIN",26,"Cincinnati",52,"",14,"Miami OH",26,"MIA-O","Mid-American"
"233",343,25,84,6,"Atlantic Coast","CLEM",15,"Clemson",47,"",31,"Georgia Tech",26,"GT","Atlantic Coast"
"767",344,27,67,6,"Atlantic Coast","DUKE",26,"Duke",42,"",17,"Virginia",26,"UVA","Atlantic Coast"
"338",345,29,39,6,"Southeastern","UF",10,"Florida",14,"",6,"Louisiana State",4,"LSU","Southeastern"
"159",346,31,26,6,"Mountain West","FRES",26,"Fresno State",28,"@",7,"Colorado State",26,"COLS","Mountain West"
"516",347,125,95,6,"Conference USA","HOU",26,"Houston",44,"",21,"North Texas",26,"NTEX","Sun Belt"
"491",348,129,11,6,"Western Athletic","ID",26,"Idaho",26,"",18,"New Mexico State",26,"NMSU","Western Athletic"
"687",349,36,105,6,"Big 12","ISU",26,"Iowa State",37,"@",23,"Texas Christian",15,"TCU","Big 12"
"317",350,38,37,6,"Big 12","KSU",7,"Kansas State",56,"",16,"Kansas",26,"KU","Big 12"
"186",351,8,132,6,"Mid-American","KENT",26,"Kent State",41,"@",14,"Eastern Michigan",26,"EMU","Mid-American"
"465",352,87,123,6,"Western Athletic","LTU",26,"Louisiana Tech",58,"",31,"Nevada-Las Vegas",26,"UNLV","Mountain West"
"731",353,40,131,6,"Sun Belt","LA-L",26,"Louisiana-Lafayette",41,"",13,"Tulane",26,"TULA","Conference USA"
"416",354,88,92,6,"Sun Belt","LA-M",26,"Louisiana-Monroe",31,"@",17,"Middle Tennessee State",26,"MTSU","Sun Belt"
"783",355,41,68,6,"Atlantic Coast","MARY",26,"Maryland",19,"",14,"Wake Forest",26,"WAKE","Atlantic Coast"
"574",356,130,99,6,"Conference USA","MEM",26,"Memphis",14,"",10,"Rice",26,"RICE","Conference USA"
"565",357,91,57,6,"Big Ten","MICH",26,"Michigan",44,"@",13,"Purdue",26,"PUR","Big Ten"
"285",358,17,34,6,"Big Ten","MSU",26,"Michigan State",31,"@",27,"Indiana",26,"IND","Big Ten"
"333",359,44,86,6,"Southeastern","MISS ST",20,"Mississippi State",27,"@",14,"Kentucky",26,"UK","Southeastern"
"1",360,122,21,6,"Independent","NAVY",26,"Navy",28,"@",21,"Air Force",26,"AF","Mountain West"
"840",361,47,124,6,"Mountain West","NEV",26,"Nevada",35,"",28,"Wyoming",26,"WYO","Mountain West"
"696",362,48,63,6,"Mountain West","NM",26,"New Mexico",35,"",14,"Texas State",26,"TEXST","Western Athletic"
"774",363,49,76,6,"Atlantic Coast","UNC",26,"North Carolina",48,"",34,"Virginia Tech",26,"VT","Atlantic Coast"
"218",364,93,30,6,"Atlantic Coast","NCST",26,"North Carolina State",17,"",16,"Florida State",3,"FSU","Atlantic Coast"
"77",365,97,2,6,"Mid-American","NIU",26,"Northern Illinois",35,"@",23,"Ball State",26,"BALL","Mid-American"
"392",366,51,42,6,"Independent","ND",9,"Notre Dame",41,"",3,"Miami FL",26,"MIA","Atlantic Coast"
"106",367,52,81,6,"Mid-American","OHIO",26,"Ohio",38,"",31,"Buffalo",26,"BUF","Mid-American"
"455",368,53,46,6,"Big Ten","OSU",12,"Ohio State",63,"",38,"Nebraska",21,"NEB","Big Ten"
"699",369,54,64,6,"Big 12","OU",17,"Oklahoma",41,"@",20,"Texas Tech",26,"TTU","Big 12"
"788",370,56,69,6,"Pac-12","ORE",2,"Oregon",52,"",21,"Washington",23,"WASH","Pac-12"
"799",371,98,108,6,"Pac-12","ORST",14,"Oregon State",19,"",6,"Washington State",26,"WSU","Pac-12"
"525",372,115,50,6,"Big Ten","PENN",26,"Penn State",39,"",28,"Northwestern",24,"NU","Big Ten"
"166",373,58,6,6,"Big East","RUT",22,"Rutgers",19,"",3,"Connecticut",26,"UCONN","Big East"
"244",374,101,114,6,"Mountain West","SDSU",26,"San Diego State",52,"",14,"Hawaii",26,"HAW","Mountain West"
"228",375,12,32,6,"Southeastern","SC",6,"South Carolina",35,"",7,"Georgia",5,"UGA","Southeastern"
"712",376,104,119,6,"Conference USA","SMU",26,"Southern Methodist",17,"@",0,"Texas-El Paso",26,"UT-EP","Conference USA"
"36",377,18,23,6,"Pac-12","STAN",18,"Stanford",54,"",48,"Arizona",26,"ARI","Pac-12"
"615",378,19,59,6,"Big East","TEM",26,"Temple",37,"",28,"South Florida",26,"SFU","Big East"
"426",379,118,43,6,"Southeastern","TAMU",26,"Texas A&M",30,"@",27,"Mississippi",26,"OLE","Southeastern"
"133",380,106,5,6,"Mid-American","TOL",26,"Toledo",50,"",35,"Central Michigan",26,"CMU","Mid-American"
"361",381,107,89,6,"Conference USA","TULSA",26,"Tulsa",45,"@",38,"Marshall",26,"MAR ","Conference USA"
"442",382,120,45,6,"Southeastern","VAN",26,"Vanderbilt",19,"@",15,"Missouri",26,"MIZZ","Southeastern"
"679",383,70,62,6,"Big 12","WV",8,"West Virginia",48,"@",45,"Texas",11,"TEX","Big 12"
"378",384,109,133,6,"Mid-American","WMU",26,"Western Michigan",52,"",14,"Massachusetts",26,"UMASS","Mid-American"
"270",385,72,33,6,"Big Ten","WIS",26,"Wisconsin",31,"",14,"Illinois",26,"IL","Big Ten"
"150",386,1,121,7,"Pac-12","ASU",26,"Arizona State",51,"@",17,"Colorado",26,"COL","Pac-12"
"710",387,107,119,7,"Conference USA","TULSA",26,"Tulsa",33,"",11,"Texas-El Paso",26,"UT-EP","Conference USA"
"725",388,71,66,7,"Sun Belt","WKU",26,"Western Kentucky",31,"@",26,"Troy",26,"TROY","Sun Belt"
"131",389,122,5,7,"Independent","NAVY",26,"Navy",31,"@",13,"Central Michigan",26,"CMU","Mid-American"
"838",390,21,124,7,"Mountain West","AF",26,"Air Force",28,"@",27,"Wyoming",26,"WYO","Mountain West"
"441",391,22,45,7,"Southeastern","BAMA",1,"Alabama",42,"@",10,"Missouri",26,"MIZZ","Southeastern"
"330",392,24,86,7,"Southeastern","ARK",26,"Arkansas",49,"",7,"Kentucky",26,"UK","Southeastern"
"596",393,78,103,7,"Sun Belt","ARKST",26,"Arkansas State",36,"",29,"South Alabama",26,"SOBAMA","Sun Belt"
"823",394,2,109,7,"Mid-American","BALL",26,"Ball State",30,"",24,"Western Michigan",26,"WMU","Mid-American"
"222",395,112,31,7,"Mountain West","BST",24,"Boise State",20,"",10,"Fresno State",26,"FRES","Mountain West"
"401",396,80,90,7,"Mid-American","BG",26,"Bowling Green State",37,"",12,"Miami OH",26,"MIA-O","Mid-American"
"794",397,82,108,7,"Pac-12","CAL",26,"California",31,"@",17,"Washington State",26,"WSU","Pac-12"
"641",398,4,153,7,"Conference USA","UCF",26,"Central Florida",38,"",31,"Southern Mississippi",26,"SO MISS","Conference USA"
"220",399,77,201,7,"Big East","CIN",21,"Cincinnati",49,"",17,"Fordham",26,"FORD","FCS"
"386",400,28,130,7,"Conference USA","ECU",26,"East Carolina",41,"",7,"Memphis",26,"MEM","Conference USA"
"760",401,29,120,7,"Southeastern","UF",4,"Florida",31,"@",17,"Vanderbilt",26,"VAN","Southeastern"
"92",402,30,79,7,"Atlantic Coast","FSU",12,"Florida State",51,"",7,"Boston College",26,"BC","Atlantic Coast"
"25",403,125,127,7,"Conference USA","HOU",26,"Houston",39,"",17,"Alabama-Birmingham",26,"UAB","Conference USA"
"410",404,35,17,7,"Big Ten","IOWA",26,"Iowa",19,"@",16,"Michigan State",26,"MSU","Big Ten"
"301",405,38,36,7,"Big 12","KSU",6,"Kansas State",27,"@",21,"Iowa State",26,"ISU","Big 12"
"57",406,8,128,7,"Mid-American","KENT",26,"Kent State",31,"@",17,"Army",26,"ARMY","Independent"
"606",407,39,12,7,"Southeastern","LSU",9,"Louisiana State",23,"",21,"South Carolina",3,"SC","Southeastern"
"203",408,88,16,7,"Sun Belt","LA-M",26,"Louisiana-Monroe",35,"",14,"Florida Atlantic",26,"FAU","Sun Belt"
"559",409,75,116,7,"Big East","LOU",18,"Louisville",45,"@",35,"Pittsburgh",26,"PITT","Big East"
"764",410,41,67,7,"Atlantic Coast","MARY",26,"Maryland",27,"@",20,"Virginia",26,"UVA","Atlantic Coast"
"278",411,91,33,7,"Big Ten","MICH",25,"Michigan",45,"",0,"Illinois",26,"IL","Big Ten"
"212",412,92,83,7,"Sun Belt","MTSU",26,"Middle Tennessee State",34,"@",30,"Florida International",26,"FIU","Sun Belt"
"64",413,43,111,7,"Southeastern","OLE",26,"Mississippi",41,"",20,"Auburn",26,"AUB","Southeastern"
"668",414,44,20,7,"Southeastern","MISS ST",19,"Mississippi State",41,"",31,"Tennessee",26,"TEN","Southeastern"
"472",415,47,123,7,"Mountain West","NEV",26,"Nevada",42,"@",37,"Nevada-Las Vegas",26,"UNLV","Mountain West"
"243",416,48,114,7,"Mountain West","NM",26,"New Mexico",35,"@",23,"Hawaii",26,"HAW","Mountain West"
"394",417,49,42,7,"Atlantic Coast","UNC",26,"North Carolina",18,"@",14,"Miami FL",26,"MIA","Atlantic Coast"
"111",418,97,81,7,"Mid-American","NIU",26,"Northern Illinois",45,"",3,"Buffalo",26,"BUF","Mid-American"
"420",419,50,10,7,"Big Ten","NU",26,"Northwestern",21,"@",13,"Minnesota",26,"MINN","Big Ten"
"652",420,51,18,7,"Independent","ND",7,"Notre Dame",20,"",13,"Stanford",17,"STAN","Pac-12"
"13",421,52,110,7,"Mid-American","OHIO",26,"Ohio",34,"",28,"Akron",26,"AKRON","Mid-American"
"287",422,53,34,7,"Big Ten","OSU",8,"Ohio State",52,"@",49,"Indiana",26,"IND","Big Ten"
"678",423,54,62,7,"Big 12","OU",13,"Oklahoma",63,"",21,"Texas",15,"TEX","Big 12"
"314",424,55,37,7,"Big 12","OKST",26,"Oklahoma State",20,"@",14,"Kansas",26,"KU","Big 12"
"104",425,98,3,7,"Pac-12","ORST",10,"Oregon State",42,"@",24,"Brigham Young",26,"BYU","Independent"
"713",426,99,65,7,"Conference USA","RICE",26,"Rice",34,"",14,"Texas-San Antonio",26,"UTSA","Western Athletic"
"656",427,58,117,7,"Big East","RUT",20,"Rutgers",23,"",15,"Syracuse",26,"SYR","Big East"
"160",428,101,26,7,"Mountain West","SDSU",26,"San Diego State",38,"",14,"Colorado State",26,"COLS","Mountain West"
"789",429,60,69,7,"Pac-12","USC",11,"Southern California",24,"@",14,"Washington",26,"WASH","Pac-12"
"165",430,19,6,7,"Big East","TEM",26,"Temple",17,"@",14,"Connecticut",26,"UCONN","Big East"
"341",431,118,87,7,"Southeastern","TAMU",22,"Texas A&M",59,"@",57,"Louisiana Tech",23,"LTU","Western Athletic"
"78",432,105,74,7,"Big 12","TCU",26,"Texas Christian",49,"@",21,"Baylor",26,"BAY","Big 12"
"266",433,63,129,7,"Western Athletic","TEXST",26,"Texas State",38,"",7,"Idaho",26,"ID","Western Athletic"
"804",434,64,70,7,"Big 12","TTU",26,"Texas Tech",49,"",14,"West Virginia",5,"WV","Big 12"
"193",435,106,132,7,"Mid-American","TOL",26,"Toledo",52,"@",47,"Eastern Michigan",26,"EMU","Mid-American"
"632",436,131,104,7,"Conference USA","TULA",26,"Tulane",27,"",26,"Southern Methodist",26,"SMU","Conference USA"
"750",437,13,14,7,"Pac-12","UCLA",26,"UCLA",21,"",14,"Utah",26,"UTAH","Pac-12"
"590",438,15,102,7,"Western Athletic","UTST",26,"Utah State",49,"@",27,"San Jose State",26,"SJSU","Western Athletic"
"171",439,76,27,7,"Atlantic Coast","VT",26,"Virginia Tech",41,"",20,"Duke",26,"DUKE","Atlantic Coast"
"566",440,72,57,7,"Big Ten","WIS",26,"Wisconsin",38,"@",14,"Purdue",26,"PUR","Big Ten"
"344",441,95,40,8,"Sun Belt","NTEX",26,"North Texas",30,"",23,"Louisiana-Lafayette",26,"LA-L","Sun Belt"
"41",442,56,1,8,"Pac-12","ORE",2,"Oregon",43,"@",21,"Arizona State",26,"ASU","Pac-12"
"252",443,104,125,8,"Conference USA","SMU",26,"Southern Methodist",72,"",42,"Houston",26,"HOU","Conference USA"
"169",444,117,6,8,"Big East","SYR",26,"Syracuse",40,"",10,"Connecticut",26,"UCONN","Big East"
"482",445,21,48,8,"Mountain West","AF",26,"Air Force",28,"",23,"New Mexico",26,"NM","Mountain West"
"671",446,22,20,8,"Southeastern","BAMA",1,"Alabama",44,"@",13,"Tennessee",26,"TEN","Southeastern"
"787",447,23,69,8,"Pac-12","ARI",26,"Arizona",52,"",17,"Washington",26,"WASH","Pac-12"
"130",448,2,5,8,"Mid-American","BALL",26,"Ball State",41,"@",30,"Central Michigan",26,"CMU","Mid-American"
"463",449,112,123,8,"Mountain West","BST",24,"Boise State",32,"",7,"Nevada-Las Vegas",26,"UNLV","Mountain West"
"375",450,80,133,8,"Mid-American","BG",26,"Bowling Green State",24,"@",0,"Massachusetts",26,"UMASS","Mid-American"
"384",451,4,130,8,"Conference USA","UCF",26,"Central Florida",35,"@",17,"Memphis",26,"MEM","Conference USA"
"775",452,25,76,8,"Atlantic Coast","CLEM",14,"Clemson",38,"",17,"Virginia Tech",26,"VT","Atlantic Coast"
"501",453,27,49,8,"Atlantic Coast","DUKE",26,"Duke",33,"",30,"North Carolina",26,"UNC","Atlantic Coast"
"27",454,28,127,8,"Conference USA","ECU",26,"East Carolina",42,"@",35,"Alabama-Birmingham",26,"UAB","Conference USA"
"59",455,132,128,8,"Mid-American","EMU",26,"Eastern Michigan",48,"",38,"Army",26,"ARMY","Independent"
"605",456,29,12,8,"Southeastern","UF",3,"Florida",44,"",11,"South Carolina",9,"SC","Southeastern"
"393",457,30,42,8,"Atlantic Coast","FSU",12,"Florida State",33,"@",20,"Miami FL",26,"MIA","Atlantic Coast"
"836",458,31,124,8,"Mountain West","FRES",26,"Fresno State",42,"",14,"Wyoming",26,"WYO","Mountain West"
"325",459,32,86,8,"Southeastern","UGA",13,"Georgia",29,"@",24,"Kentucky",26,"UK","Southeastern"
"87",460,84,79,8,"Atlantic Coast","GT",26,"Georgia Tech",37,"",17,"Boston College",26,"BC","Atlantic Coast"
"802",461,38,70,8,"Big 12","KSU",4,"Kansas State",55,"@",14,"West Virginia",17,"WV","Big 12"
"818",462,8,109,8,"Mid-American","KENT",26,"Kent State",41,"",24,"Western Michigan",26,"WMU","Mid-American"
"682",463,39,118,8,"Southeastern","LSU",6,"Louisiana State",24,"@",19,"Texas A&M",20,"TAMU","Southeastern"
"263",464,87,129,8,"Western Athletic","LTU",26,"Louisiana Tech",70,"",28,"Idaho",26,"ID","Western Athletic"
"816",465,88,71,8,"Sun Belt","LA-M",26,"Louisiana-Monroe",43,"@",42,"Western Kentucky",26,"WKU","Sun Belt"
"617",466,75,59,8,"Big East","LOU",16,"Louisville",27,"",25,"South Florida",26,"SFU","Big East"
"639",467,89,153,8,"Conference USA","MAR ",26,"Marshall",59,"@",24,"Southern Mississippi",26,"SO MISS","Conference USA"
"412",468,91,17,8,"Big Ten","MICH",23,"Michigan",12,"",10,"Michigan State",26,"MSU","Big Ten"
"415",469,44,92,8,"Southeastern","MISS ST",15,"Mississippi State",45,"",3,"Middle Tennessee State",26,"MTSU","Sun Belt"
"282",470,122,34,8,"Independent","NAVY",26,"Navy",31,"",30,"Indiana",26,"IND","Big Ten"
"526",471,46,50,8,"Big Ten","NEB",26,"Nebraska",29,"@",28,"Northwestern",26,"NU","Big Ten"
"363",472,93,41,8,"Atlantic Coast","NCST",26,"North Carolina State",20,"@",18,"Maryland",26,"MARY","Atlantic Coast"
"12",473,97,110,8,"Mid-American","NIU",26,"Northern Illinois",37,"@",7,"Akron",26,"AKRON","Mid-American"
"103",474,51,3,8,"Independent","ND",5,"Notre Dame",17,"",14,"Brigham Young",26,"BYU","Independent"
"563",475,53,57,8,"Big Ten","OSU",7,"Ohio State",29,"",22,"Purdue",26,"PUR","Big Ten"
"309",476,54,37,8,"Big 12","OU",10,"Oklahoma",52,"",7,"Kansas",26,"KU","Big 12"
"299",477,55,36,8,"Big 12","OKST",26,"Oklahoma State",31,"",10,"Iowa State",26,"ISU","Big 12"
"748",478,98,14,8,"Pac-12","ORST",8,"Oregon State",21,"",7,"Utah",26,"UTAH","Pac-12"
"289",479,115,35,8,"Big Ten","PENN",26,"Penn State",38,"@",14,"Iowa",26,"IOWA","Big Ten"
"113",480,116,81,8,"Big East","PITT",26,"Pittsburgh",20,"@",6,"Buffalo",26,"BUF","Mid-American"
"664",481,58,19,8,"Big East","RUT",19,"Rutgers",35,"@",10,"Temple",26,"TEM","Big East"
"460",482,101,47,8,"Mountain West","SDSU",26,"San Diego State",39,"@",38,"Nevada",26,"NEV","Mountain West"
"716",483,102,65,8,"Western Athletic","SJSU",26,"San Jose State",52,"@",24,"Texas-San Antonio",26,"UTSA","Western Athletic"
"200",484,103,16,8,"Sun Belt","SOBAMA",26,"South Alabama",37,"",34,"Florida Atlantic",26,"FAU","Sun Belt"
"151",485,60,121,8,"Pac-12","USC",11,"Southern California",50,"",6,"Colorado",26,"COL","Pac-12"
"119",486,18,82,8,"Pac-12","STAN",22,"Stanford",21,"@",3,"California",26,"CAL","Pac-12"
"80",487,62,74,8,"Big 12","TEX",26,"Texas",56,"",50,"Baylor",26,"BAY","Big 12"
"685",488,64,105,8,"Big 12","TTU",18,"Texas Tech",56,"@",53,"Texas Christian",26,"TCU","Big 12"
"738",489,119,131,8,"Conference USA","UT-EP",26,"Texas-El Paso",24,"",20,"Tulane",26,"TULA","Conference USA"
"139",490,106,77,8,"Mid-American","TOL",26,"Toledo",29,"",23,"Cincinnati",21,"CIN","Big East"
"215",491,66,83,8,"Sun Belt","TROY",26,"Troy",38,"",37,"Florida International",26,"FIU","Sun Belt"
"575",492,107,99,8,"Conference USA","TULSA",26,"Tulsa",28,"",24,"Rice",26,"RICE","Conference USA"
"488",493,15,11,8,"Western Athletic","UTST",26,"Utah State",41,"",7,"New Mexico State",26,"NMSU","Western Athletic"
"68",494,120,111,8,"Southeastern","VAN",26,"Vanderbilt",17,"",13,"Auburn",26,"AUB","Southeastern"
"769",495,68,67,8,"Atlantic Coast","WAKE",26,"Wake Forest",16,"@",10,"Virginia",26,"UVA","Atlantic Coast"
"421",496,72,10,8,"Big Ten","WIS",26,"Wisconsin",38,"",13,"Minnesota",26,"MINN","Big Ten"
"346",497,78,40,9,"Sun Belt","ARKST",26,"Arkansas State",50,"@",27,"Louisiana-Lafayette",26,"LA-L","Sun Belt"
"784",498,25,68,9,"Atlantic Coast","CLEM",14,"Clemson",42,"@",13,"Wake Forest",26,"WAKE","Atlantic Coast"
"457",499,21,47,9,"Mountain West","AF",26,"Air Force",48,"",31,"Nevada",26,"NEV","Mountain West"
"138",500,75,77,9,"Big East","LOU",16,"Louisville",34,"",31,"Cincinnati",26,"CIN","Big East"
"433",501,22,44,9,"Southeastern","BAMA",1,"Alabama",38,"",7,"Mississippi State",13,"MISS ST","Southeastern"
"624",502,23,60,9,"Pac-12","ARI",26,"Arizona",39,"",36,"Southern California",10,"USC","Pac-12"
"56",503,2,128,9,"Mid-American","BALL",26,"Ball State",30,"@",22,"Army",26,"ARMY","Independent"
"837",504,112,124,9,"Mountain West","BST",21,"Boise State",45,"@",14,"Wyoming",26,"WYO","Mountain West"
"368",505,79,41,9,"Atlantic Coast","BC",26,"Boston College",20,"",17,"Maryland",26,"MARY","Atlantic Coast"
"185",506,80,132,9,"Mid-American","BG",26,"Bowling Green State",24,"",3,"Eastern Michigan",26,"EMU","Mid-American"
"236",507,3,84,9,"Independent","BYU",26,"Brigham Young",41,"@",17,"Georgia Tech",26,"GT","Atlantic Coast"
"356",508,4,89,9,"Conference USA","UCF",26,"Central Florida",54,"@",17,"Marshall",26,"MAR ","Conference USA"
"17",509,5,110,9,"Mid-American","CMU",26,"Central Michigan",35,"",14,"Akron",26,"AKRON","Mid-American"
"245",510,26,114,9,"Mountain West","COLS",26,"Colorado State",42,"",27,"Hawaii",26,"HAW","Mountain West"
"728",511,16,66,9,"Sun Belt","FAU",26,"Florida Atlantic",34,"",27,"Troy",26,"TROY","Sun Belt"
"177",512,30,27,9,"Atlantic Coast","FSU",11,"Florida State",48,"",7,"Duke",26,"DUKE","Atlantic Coast"
"483",513,31,48,9,"Mountain West","FRES",26,"Fresno State",49,"@",32,"New Mexico",26,"NM","Mountain West"
"198",514,32,29,9,"Southeastern","UGA",12,"Georgia",17,"",9,"Florida",3,"UF","Southeastern"
"704",515,125,119,9,"Conference USA","HOU",26,"Houston",45,"",35,"Texas-El Paso",26,"UT-EP","Conference USA"
"271",516,34,33,9,"Big Ten","IND",26,"Indiana",31,"@",17,"Illinois",26,"IL","Big Ten"
"81",517,36,74,9,"Big 12","ISU",26,"Iowa State",35,"",21,"Baylor",26,"BAY","Big 12"
"700",518,38,64,9,"Big 12","KSU",4,"Kansas State",55,"",24,"Texas Tech",15,"TTU","Big 12"
"580",519,8,58,9,"Mid-American","KENT",26,"Kent State",35,"@",23,"Rutgers",18,"RUT","Big East"
"484",520,87,11,9,"Western Athletic","LTU",24,"Louisiana Tech",28,"@",14,"New Mexico State",26,"NMSU","Western Athletic"
"597",521,88,103,9,"Sun Belt","LA-M",26,"Louisiana-Monroe",38,"",24,"South Alabama",26,"SOBAMA","Sun Belt"
"533",522,90,52,9,"Mid-American","MIA-O",26,"Miami OH",23,"",20,"Ohio",23,"OHIO","Mid-American"
"826",523,17,72,9,"Big Ten","MSU",26,"Michigan State",16,"@",13,"Wisconsin",26,"WIS","Big Ten"
"518",524,92,95,9,"Sun Belt","MTSU",26,"Middle Tennessee State",38,"",21,"North Texas",26,"NTEX","Sun Belt"
"567",525,10,57,9,"Big Ten","MINN",26,"Minnesota",44,"",28,"Purdue",26,"PUR","Big Ten"
"46",526,43,24,9,"Southeastern","OLE",26,"Mississippi",30,"@",27,"Arkansas",26,"ARK","Southeastern"
"331",527,45,86,9,"Southeastern","MIZZ",26,"Missouri",33,"",10,"Kentucky",26,"UK","Southeastern"
"178",528,122,28,9,"Independent","NAVY",26,"Navy",56,"@",28,"East Carolina",26,"ECU","Conference USA"
"404",529,46,91,9,"Big Ten","NEB",26,"Nebraska",23,"",9,"Michigan",20,"MICH","Big Ten"
"508",530,49,93,9,"Atlantic Coast","UNC",26,"North Carolina",43,"",35,"North Carolina State",26,"NCST","Atlantic Coast"
"822",531,97,109,9,"Mid-American","NIU",26,"Northern Illinois",48,"@",34,"Western Michigan",26,"WMU","Mid-American"
"291",532,50,35,9,"Big Ten","NU",26,"Northwestern",28,"",17,"Iowa",26,"IOWA","Big Ten"
"537",533,51,54,9,"Independent","ND",5,"Notre Dame",30,"@",13,"Oklahoma",8,"OU","Big 12"
"549",534,53,115,9,"Big Ten","OSU",9,"Ohio State",35,"@",23,"Penn State",26,"PENN","Big Ten"
"686",535,55,105,9,"Big 12","OKST",26,"Oklahoma State",36,"",14,"Texas Christian",26,"TCU","Big 12"
"146",536,56,121,9,"Pac-12","ORE",2,"Oregon",70,"",14,"Colorado",26,"COL","Pac-12"
"663",537,116,19,9,"Big East","PITT",26,"Pittsburgh",47,"",17,"Temple",26,"TEM","Big East"
"644",538,99,153,9,"Conference USA","RICE",26,"Rice",44,"",17,"Southern Mississippi",26,"SO MISS","Conference USA"
"468",539,101,123,9,"Mountain West","SDSU",26,"San Diego State",24,"",13,"Nevada-Las Vegas",26,"UNLV","Mountain West"
"692",540,102,63,9,"Western Athletic","SJSU",26,"San Jose State",31,"",20,"Texas State",26,"TEXST","Western Athletic"
"669",541,12,20,9,"Southeastern","SC",17,"South Carolina",38,"",35,"Tennessee",26,"TEN","Southeastern"
"387",542,104,130,9,"Conference USA","SMU",26,"Southern Methodist",44,"",13,"Memphis",26,"MEM","Conference USA"
"792",543,18,108,9,"Pac-12","STAN",19,"Stanford",24,"",17,"Washington State",26,"WSU","Pac-12"
"616",544,117,59,9,"Big East","SYR",26,"Syracuse",37,"@",36,"South Florida",26,"SFU","Big East"
"308",545,62,37,9,"Big 12","TEX",26,"Texas",21,"@",17,"Kansas",26,"KU","Big 12"
"65",546,118,111,9,"Southeastern","TAMU",22,"Texas A&M",63,"@",21,"Auburn",26,"AUB","Southeastern"
"107",547,106,81,9,"Mid-American","TOL",26,"Toledo",25,"@",20,"Buffalo",26,"BUF","Mid-American"
"23",548,131,127,9,"Conference USA","TULA",26,"Tulane",55,"",45,"Alabama-Birmingham",26,"UAB","Conference USA"
"40",549,13,1,9,"Pac-12","UCLA",26,"UCLA",45,"@",43,"Arizona State",26,"ASU","Pac-12"
"120",550,14,82,9,"Pac-12","UTAH",26,"Utah",49,"",27,"California",26,"CAL","Pac-12"
"714",551,15,65,9,"Western Athletic","UTST",26,"Utah State",48,"@",17,"Texas-San Antonio",26,"UTSA","Western Athletic"
"380",552,120,133,9,"Southeastern","VAN",26,"Vanderbilt",49,"",7,"Massachusetts",26,"UMASS","Mid-American"
"545",553,69,98,9,"Pac-12","WASH",26,"Washington",20,"",17,"Oregon State",7,"ORST","Pac-12"
"214",554,71,83,9,"Sun Belt","WKU",26,"Western Kentucky",14,"@",6,"Florida International",26,"FIU","Sun Belt"
"776",555,42,76,10,"Atlantic Coast","MIA",26,"Miami FL",30,"",12,"Virginia Tech",26,"VT","Atlantic Coast"
"812",556,92,71,10,"Sun Belt","MTSU",26,"Middle Tennessee State",34,"@",29,"Western Kentucky",26,"WKU","Sun Belt"
"192",557,52,132,10,"Mid-American","OHIO",26,"Ohio",45,"",14,"Eastern Michigan",26,"EMU","Mid-American"
"114",558,69,82,10,"Pac-12","WASH",26,"Washington",21,"@",13,"California",26,"CAL","Pac-12"
"337",559,22,39,10,"Southeastern","BAMA",1,"Alabama",21,"@",17,"Louisiana State",5,"LSU","Southeastern"
"643",560,127,153,10,"Conference USA","UAB",26,"Alabama-Birmingham",27,"@",19,"Southern Mississippi",26,"SO MISS","Conference USA"
"740",561,24,107,10,"Southeastern","ARK",26,"Arkansas",19,"",15,"Tulsa",26,"TULSA","Conference USA"
"515",562,78,95,10,"Sun Belt","ARKST",26,"Arkansas State",37,"@",19,"North Texas",26,"NTEX","Sun Belt"
"7",563,128,21,10,"Independent","ARMY",26,"Army",41,"",21,"Air Force",26,"AF","Mountain West"
"494",564,111,11,10,"Southeastern","AUB",26,"Auburn",42,"",7,"New Mexico State",26,"NMSU","Western Athletic"
"313",565,74,37,10,"Big 12","BAY",26,"Baylor",41,"",14,"Kansas",26,"KU","Big 12"
"397",566,81,90,10,"Mid-American","BUF",26,"Buffalo",27,"",24,"Miami OH",26,"MIA-O","Mid-American"
"633",567,4,104,10,"Conference USA","UCF",26,"Central Florida",42,"",17,"Southern Methodist",26,"SMU","Conference USA"
"659",568,77,117,10,"Big East","CIN",26,"Cincinnati",35,"",24,"Syracuse",26,"SYR","Big East"
"174",569,25,27,10,"Atlantic Coast","CLEM",10,"Clemson",56,"@",20,"Duke",26,"DUKE","Atlantic Coast"
"250",570,28,125,10,"Conference USA","ECU",26,"East Carolina",48,"",28,"Houston",26,"HOU","Conference USA"
"438",571,29,45,10,"Southeastern","UF",8,"Florida",14,"",7,"Missouri",26,"MIZZ","Southeastern"
"604",572,83,103,10,"Sun Belt","FIU",26,"Florida International",28,"@",20,"South Alabama",26,"SOBAMA","Sun Belt"
"241",573,31,114,10,"Mountain West","FRES",26,"Fresno State",45,"",10,"Hawaii",26,"HAW","Mountain West"
"429",574,32,43,10,"Southeastern","UGA",7,"Georgia",37,"",10,"Mississippi",26,"OLE","Southeastern"
"364",575,84,41,10,"Atlantic Coast","GT",26,"Georgia Tech",33,"@",13,"Maryland",26,"MARY","Atlantic Coast"
"295",576,34,35,10,"Big Ten","IND",26,"Indiana",24,"",21,"Iowa",26,"IOWA","Big Ten"
"542",577,38,55,10,"Big 12","KSU",3,"Kansas State",44,"",30,"Oklahoma State",26,"OKST","Big 12"
"8",578,8,110,10,"Mid-American","KENT",26,"Kent State",35,"",24,"Akron",26,"AKRON","Mid-American"
"715",579,87,65,10,"Western Athletic","LTU",22,"Louisiana Tech",51,"",27,"Texas-San Antonio",26,"UTSA","Western Athletic"
"351",580,40,88,10,"Sun Belt","LA-L",26,"Louisiana-Lafayette",40,"@",24,"Louisiana-Monroe",26,"LA-M","Sun Belt"
"662",581,75,19,10,"Big East","LOU",12,"Louisville",45,"",17,"Temple",26,"TEM","Big East"
"385",582,89,130,10,"Conference USA","MAR ",26,"Marshall",38,"",28,"Memphis",26,"MEM","Conference USA"
"418",583,91,10,10,"Big Ten","MICH",26,"Michigan",35,"@",13,"Minnesota",26,"MINN","Big Ten"
"208",584,122,16,10,"Independent","NAVY",26,"Navy",24,"",17,"Florida Atlantic",26,"FAU","Sun Belt"
"409",585,46,17,10,"Big Ten","NEB",21,"Nebraska",28,"@",24,"Michigan State",26,"MSU","Big Ten"
"475",586,123,48,10,"Mountain West","UNLV",26,"Nevada-Las Vegas",35,"",7,"New Mexico",26,"NM","Mountain West"
"379",587,97,133,10,"Mid-American","NIU",26,"Northern Illinois",63,"",0,"Massachusetts",26,"UMASS","Mid-American"
"553",588,51,116,10,"Independent","ND",4,"Notre Dame",29,"",26,"Pittsburgh",26,"PITT","Big East"
"276",589,53,33,10,"Big Ten","OSU",6,"Ohio State",52,"",22,"Illinois",26,"IL","Big Ten"
"298",590,54,36,10,"Big 12","OU",14,"Oklahoma",35,"@",20,"Iowa State",26,"ISU","Big 12"
"626",591,56,60,10,"Pac-12","ORE",2,"Oregon",62,"@",51,"Southern California",18,"USC","Pac-12"
"38",592,98,1,10,"Pac-12","ORST",13,"Oregon State",36,"",26,"Arizona State",26,"ASU","Pac-12"
"568",593,115,57,10,"Big Ten","PENN",26,"Penn State",34,"@",9,"Purdue",26,"PUR","Big Ten"
"739",594,99,131,10,"Conference USA","RICE",26,"Rice",49,"@",47,"Tulane",26,"TULA","Conference USA"
"85",595,101,112,10,"Mountain West","SDSU",26,"San Diego State",21,"@",19,"Boise State",19,"BST","Mountain West"
"257",596,102,129,10,"Western Athletic","SJSU",26,"San Jose State",42,"@",13,"Idaho",26,"ID","Western Athletic"
"168",597,59,6,10,"Big East","SFU",26,"South Florida",13,"",6,"Connecticut",26,"UCONN","Big East"
"153",598,18,121,10,"Pac-12","STAN",15,"Stanford",48,"@",0,"Colorado",26,"COL","Pac-12"
"729",599,20,66,10,"Southeastern","TEN",26,"Tennessee",55,"",48,"Troy",26,"TROY","Sun Belt"
"701",600,62,64,10,"Big 12","TEX",26,"Texas",31,"@",22,"Texas Tech",20,"TTU","Big 12"
"431",601,118,44,10,"Southeastern","TAMU",16,"Texas A&M",38,"@",13,"Mississippi State",17,"MISS ST","Southeastern"
"806",602,105,70,10,"Big 12","TCU",26,"Texas Christian",39,"@",38,"West Virginia",23,"WV","Big 12"
"34",603,13,23,10,"Pac-12","UCLA",25,"UCLA",66,"",10,"Arizona",24,"ARI","Pac-12"
"798",604,14,108,10,"Pac-12","UTAH",26,"Utah",49,"",6,"Washington State",26,"WSU","Pac-12"
"693",605,15,63,10,"Western Athletic","UTST",26,"Utah State",38,"",7,"Texas State",26,"TEXST","Western Athletic"
"328",606,120,86,10,"Southeastern","VAN",26,"Vanderbilt",40,"@",0,"Kentucky",26,"UK","Southeastern"
"507",607,67,93,10,"Atlantic Coast","UVA",26,"Virginia",33,"@",6,"North Carolina State",26,"NCST","Atlantic Coast"
"95",608,68,79,10,"Atlantic Coast","WAKE",26,"Wake Forest",28,"",14,"Boston College",26,"BC","Atlantic Coast"
"134",609,109,5,10,"Mid-American","WMU",26,"Western Michigan",42,"@",31,"Central Michigan",26,"CMU","Mid-American"
"158",610,124,26,10,"Mountain West","WYO",26,"Wyoming",45,"",31,"Colorado State",26,"COLS","Mountain West"
"717",611,2,106,11,"Mid-American","BALL",26,"Ball State",34,"@",27,"Toledo",23,"TOL","Mid-American"
"534",612,80,52,11,"Mid-American","BG",26,"Bowling Green State",26,"@",14,"Ohio",26,"OHIO","Mid-American"
"347",613,78,88,11,"Sun Belt","ARKST",26,"Arkansas State",45,"",23,"Louisiana-Monroe",26,"LA-M","Sun Belt"
"773",614,30,76,11,"Atlantic Coast","FSU",8,"Florida State",28,"@",22,"Virginia Tech",26,"VT","Atlantic Coast"
"554",615,6,116,11,"Big East","UCONN",26,"Connecticut",24,"",17,"Pittsburgh",26,"PITT","Big East"
"359",616,127,89,11,"Conference USA","UAB",26,"Alabama-Birmingham",38,"",31,"Marshall",26,"MAR ","Conference USA"
"154",617,23,121,11,"Pac-12","ARI",26,"Arizona",56,"",31,"Colorado",26,"COL","Pac-12"
"240",618,112,114,11,"Mountain West","BST",26,"Boise State",49,"@",14,"Hawaii",26,"HAW","Mountain West"
"267",619,3,129,11,"Independent","BYU",26,"Brigham Young",52,"",13,"Idaho",26,"ID","Western Athletic"
"817",620,81,109,11,"Mid-American","BUF",26,"Buffalo",29,"",24,"Western Michigan",26,"WMU","Mid-American"
"709",621,4,119,11,"Conference USA","UCF",26,"Central Florida",31,"@",24,"Texas-El Paso",26,"UT-EP","Conference USA"
"188",622,5,132,11,"Mid-American","CMU",26,"Central Michigan",34,"@",31,"Eastern Michigan",26,"EMU","Mid-American"
"661",623,77,19,11,"Big East","CIN",26,"Cincinnati",34,"@",10,"Temple",26,"TEM","Big East"
"366",624,25,41,11,"Atlantic Coast","CLEM",10,"Clemson",45,"",10,"Maryland",26,"MARY","Atlantic Coast"
"467",625,26,123,11,"Mountain West","COLS",26,"Colorado State",33,"",11,"Nevada-Las Vegas",26,"UNLV","Mountain West"
"345",626,29,40,11,"Southeastern","UF",7,"Florida",27,"",20,"Louisiana-Lafayette",26,"LA-L","Sun Belt"
"813",627,16,71,11,"Sun Belt","FAU",26,"Florida Atlantic",37,"@",28,"Western Kentucky",26,"WKU","Sun Belt"
"461",628,31,47,11,"Mountain West","FRES",26,"Fresno State",52,"@",36,"Nevada",26,"NEV","Mountain West"
"69",629,32,111,11,"Southeastern","UGA",5,"Georgia",38,"@",0,"Auburn",26,"AUB","Southeastern"
"502",630,84,49,11,"Atlantic Coast","GT",26,"Georgia Tech",68,"@",50,"North Carolina",26,"UNC","Atlantic Coast"
"688",631,38,105,11,"Big 12","KSU",3,"Kansas State",23,"@",10,"Texas Christian",26,"TCU","Big 12"
"399",632,8,90,11,"Mid-American","KENT",26,"Kent State",48,"@",32,"Miami OH",26,"MIA-O","Mid-American"
"435",633,39,44,11,"Southeastern","LSU",9,"Louisiana State",37,"",17,"Mississippi State",22,"MISS ST","Southeastern"
"694",634,87,63,11,"Western Athletic","LTU",19,"Louisiana Tech",62,"@",55,"Texas State",26,"TEXST","Western Athletic"
"10",635,133,110,11,"Mid-American","UMASS",26,"Massachusetts",22,"@",14,"Akron",26,"AKRON","Mid-American"
"737",636,130,131,11,"Conference USA","MEM",26,"Memphis",37,"",23,"Tulane",26,"TULA","Conference USA"
"527",637,91,50,11,"Big Ten","MICH",26,"Michigan",38,"",31,"Northwestern",26,"NU","Big Ten"
"274",638,10,33,11,"Big Ten","MINN",26,"Minnesota",17,"@",3,"Illinois",26,"IL","Big Ten"
"672",639,45,20,11,"Southeastern","MIZZ",26,"Missouri",51,"@",48,"Tennessee",26,"TEN","Southeastern"
"552",640,46,115,11,"Big Ten","NEB",18,"Nebraska",32,"",23,"Penn State",26,"PENN","Big Ten"
"779",641,93,68,11,"Atlantic Coast","NCST",26,"North Carolina State",37,"",6,"Wake Forest",26,"WAKE","Atlantic Coast"
"595",642,95,103,11,"Sun Belt","NTEX",26,"North Texas",24,"",14,"South Alabama",26,"SOBAMA","Sun Belt"
"91",643,51,79,11,"Independent","ND",4,"Notre Dame",21,"@",6,"Boston College",26,"BC","Atlantic Coast"
"82",644,54,74,11,"Big 12","OU",14,"Oklahoma",42,"",34,"Baylor",26,"BAY","Big 12"
"807",645,55,70,11,"Big 12","OKST",26,"Oklahoma State",55,"",34,"West Virginia",26,"WV","Big 12"
"115",646,56,82,11,"Pac-12","ORE",2,"Oregon",59,"@",17,"California",26,"CAL","Pac-12"
"294",647,57,35,11,"Big Ten","PUR",26,"Purdue",27,"@",24,"Iowa",26,"IOWA","Big Ten"
"54",648,58,128,11,"Big East","RUT",24,"Rutgers",28,"",7,"Army",26,"ARMY","Independent"
"4",649,101,21,11,"Mountain West","SDSU",26,"San Diego State",28,"",9,"Air Force",26,"AF","Mountain West"
"490",650,102,11,11,"Western Athletic","SJSU",26,"San Jose State",47,"@",7,"New Mexico State",26,"NMSU","Western Athletic"
"44",651,12,24,11,"Southeastern","SC",12,"South Carolina",38,"",20,"Arkansas",26,"ARK","Southeastern"
"39",652,60,1,11,"Pac-12","USC",21,"Southern California",38,"",17,"Arizona State",26,"ASU","Pac-12"
"646",653,104,153,11,"Conference USA","SMU",26,"Southern Methodist",34,"",6,"Southern Mississippi",26,"SO MISS","Conference USA"
"547",654,18,98,11,"Pac-12","STAN",16,"Stanford",27,"",23,"Oregon State",13,"ORST","Pac-12"
"353",655,117,75,11,"Big East","SYR",26,"Syracuse",45,"",26,"Louisville",11,"LOU","Big East"
"303",656,62,36,11,"Big 12","TEX",19,"Texas",33,"",7,"Iowa State",26,"ISU","Big 12"
"19",657,118,22,11,"Southeastern","TAMU",15,"Texas A&M",29,"@",24,"Alabama",1,"BAMA","Southeastern"
"315",658,64,37,11,"Big 12","TTU",25,"Texas Tech",41,"",34,"Kansas",26,"KU","Big 12"
"381",659,65,9,11,"Western Athletic","UTSA",26,"Texas-San Antonio",31,"",24,"McNeese State",26,"MCNST","FCS"
"451",660,66,122,11,"Sun Belt","TROY",26,"Troy",41,"",31,"Navy",26,"NAVY","Independent"
"255",661,107,125,11,"Conference USA","TULSA",26,"Tulsa",41,"@",7,"Houston",26,"HOU","Conference USA"
"795",662,13,108,11,"Pac-12","UCLA",17,"UCLA",44,"@",36,"Washington State",26,"WSU","Pac-12"
"428",663,120,43,11,"Southeastern","VAN",26,"Vanderbilt",27,"@",26,"Mississippi",26,"OLE","Southeastern"
"391",664,67,42,11,"Atlantic Coast","UVA",26,"Virginia",41,"",40,"Miami FL",26,"MIA","Atlantic Coast"
"752",665,69,14,11,"Pac-12","WASH",26,"Washington",34,"",15,"Utah",26,"UTAH","Pac-12"
"284",666,72,34,11,"Big Ten","WIS",26,"Wisconsin",62,"@",14,"Indiana",26,"IND","Big Ten"
"478",667,124,48,11,"Mountain West","WYO",26,"Wyoming",28,"@",23,"New Mexico",26,"NM","Mountain West"
"532",668,2,52,12,"Mid-American","BALL",26,"Ball State",52,"",27,"Ohio",26,"OHIO","Mid-American"
"719",669,97,106,12,"Mid-American","NIU",26,"Northern Illinois",31,"",24,"Toledo",26,"TOL","Mid-American"
"766",670,49,67,12,"Atlantic Coast","UNC",26,"North Carolina",37,"@",13,"Virginia",26,"UVA","Atlantic Coast"
"248",671,21,114,12,"Mountain West","AF",26,"Air Force",21,"",7,"Hawaii",26,"HAW","Mountain West"
"205",672,83,16,12,"Sun Belt","FIU",26,"Florida International",34,"@",24,"Florida Atlantic",26,"FAU","Sun Belt"
"809",673,22,167,12,"Southeastern","BAMA",4,"Alabama",49,"",0,"Western Carolina",26,"WCU","FCS"
"751",674,23,14,12,"Pac-12","ARI",26,"Arizona",34,"@",24,"Utah",26,"UTAH","Pac-12"
"796",675,1,108,12,"Pac-12","ASU",26,"Arizona State",46,"",7,"Washington State",26,"WSU","Pac-12"
"726",676,78,66,12,"Sun Belt","ARKST",26,"Arkansas State",41,"@",34,"Troy",26,"TROY","Sun Belt"
"20",677,111,202,12,"Southeastern","AUB",26,"Auburn",51,"",7,"Alabama A&M",26,"BAMA A&M","FCS"
"320",678,74,38,12,"Big 12","BAY",26,"Baylor",52,"",24,"Kansas State",2,"KSU","Big 12"
"155",679,112,26,12,"Mountain West","BST",26,"Boise State",42,"",14,"Colorado State",26,"COLS","Mountain West"
"372",680,81,133,12,"Mid-American","BUF",26,"Buffalo",29,"@",19,"Massachusetts",26,"UMASS","Mid-American"
"400",681,5,90,12,"Mid-American","CMU",26,"Central Michigan",30,"",16,"Miami OH",26,"MIA-O","Mid-American"
"504",682,25,93,12,"Atlantic Coast","CLEM",11,"Clemson",62,"",48,"North Carolina State",26,"NCST","Atlantic Coast"
"732",683,28,131,12,"Conference USA","ECU",26,"East Carolina",28,"@",23,"Tulane",26,"TULA","Conference USA"
"824",684,132,109,12,"Mid-American","EMU",26,"Eastern Michigan",29,"@",23,"Western Michigan",26,"WMU","Mid-American"
"306",685,29,141,12,"Southeastern","UF",7,"Florida",23,"",0,"Jacksonville State",26,"JVILST","FCS"
"362",686,30,41,12,"Atlantic Coast","FSU",10,"Florida State",41,"@",14,"Maryland",26,"MARY","Atlantic Coast"
"229",687,32,203,12,"Southeastern","UGA",5,"Georgia",45,"",14,"Georgia Southern",26,"GA SOU","FCS"
"172",688,84,27,12,"Atlantic Coast","GT",26,"Georgia Tech",42,"",24,"Duke",26,"DUKE","Atlantic Coast"
"311",689,36,37,12,"Big 12","ISU",26,"Iowa State",51,"@",23,"Kansas",26,"KU","Big 12"
"97",690,8,80,12,"Mid-American","KENT",25,"Kent State",31,"@",24,"Bowling Green State",26,"BG","Mid-American"
"585",691,86,204,12,"Southeastern","UK",26,"Kentucky",34,"",3,"Samford",26,"SAMF","FCS"
"430",692,39,43,12,"Southeastern","LSU",8,"Louisiana State",41,"",35,"Mississippi",26,"OLE","Southeastern"
"815",693,40,71,12,"Sun Belt","LA-L",26,"Louisiana-Lafayette",31,"",27,"Western Kentucky",26,"WKU","Sun Belt"
"514",694,88,95,12,"Sun Belt","LA-M",26,"Louisiana-Monroe",42,"",16,"North Texas",26,"NTEX","Sun Belt"
"253",695,89,125,12,"Conference USA","MAR ",26,"Marshall",44,"",41,"Houston",26,"HOU","Conference USA"
"26",696,130,127,12,"Conference USA","MEM",26,"Memphis",46,"@",9,"Alabama-Birmingham",26,"UAB","Conference USA"
"619",697,42,59,12,"Atlantic Coast","MIA",26,"Miami FL",40,"",9,"South Florida",26,"SFU","Big East"
"292",698,91,35,12,"Big Ten","MICH",23,"Michigan",42,"",17,"Iowa",26,"IOWA","Big Ten"
"602",699,92,103,12,"Sun Belt","MTSU",26,"Middle Tennessee State",20,"@",12,"South Alabama",26,"SOBAMA","Sun Belt"
"43",700,44,24,12,"Southeastern","MISS ST",26,"Mississippi State",45,"",14,"Arkansas",26,"ARK","Southeastern"
"691",701,122,63,12,"Independent","NAVY",26,"Navy",21,"",10,"Texas State",26,"TEXST","Western Athletic"
"423",702,46,10,12,"Big Ten","NEB",16,"Nebraska",38,"",14,"Minnesota",26,"MINN","Big Ten"
"477",703,47,48,12,"Mountain West","NEV",26,"Nevada",31,"@",24,"New Mexico",26,"NM","Mountain West"
"413",704,50,17,12,"Big Ten","NU",26,"Northwestern",23,"@",20,"Michigan State",26,"MSU","Big Ten"
"782",705,51,68,12,"Independent","ND",3,"Notre Dame",38,"",0,"Wake Forest",26,"WAKE","Atlantic Coast"
"830",706,53,72,12,"Big Ten","OSU",6,"Ohio State",21,"@",14,"Wisconsin",26,"WIS","Big Ten"
"803",707,54,70,12,"Big 12","OU",13,"Oklahoma",50,"@",49,"West Virginia",26,"WV","Big 12"
"703",708,55,64,12,"Big 12","OKST",26,"Oklahoma State",59,"",21,"Texas Tech",23,"TTU","Big 12"
"121",709,98,82,12,"Pac-12","ORST",15,"Oregon State",62,"",14,"California",26,"CAL","Pac-12"
"283",710,115,34,12,"Big Ten","PENN",26,"Penn State",45,"",22,"Indiana",26,"IND","Big Ten"
"279",711,57,33,12,"Big Ten","PUR",26,"Purdue",20,"@",17,"Illinois",26,"IL","Big Ten"
"634",712,99,104,12,"Conference USA","RICE",26,"Rice",36,"",20,"Southern Methodist",26,"SMU","Conference USA"
"137",713,58,77,12,"Big East","RUT",22,"Rutgers",10,"@",3,"Cincinnati",26,"CIN","Big East"
"105",714,102,3,12,"Western Athletic","SJSU",26,"San Jose State",20,"",14,"Brigham Young",26,"BYU","Independent"
"832",715,12,205,12,"Southeastern","SC",12,"South Carolina",24,"",7,"Wofford",26,"WOFF","FCS"
"544",716,18,56,12,"Pac-12","STAN",14,"Stanford",17,"@",14,"Oregon",1,"ORE","Pac-12"
"440",717,117,45,12,"Big East","SYR",26,"Syracuse",31,"@",27,"Missouri",26,"MIZZ","Southeastern"
"60",718,19,128,12,"Big East","TEM",26,"Temple",63,"@",32,"Army",26,"ARMY","Independent"
"584",719,118,181,12,"Southeastern","TAMU",9,"Texas A&M",47,"",28,"Sam Houston State",26,"SAMH","FCS"
"648",720,119,153,12,"Conference USA","UT-EP",26,"Texas-El Paso",34,"@",33,"Southern Mississippi",26,"SO MISS","Conference USA"
"258",721,65,129,12,"Western Athletic","UTSA",26,"Texas-San Antonio",34,"@",27,"Idaho",26,"ID","Western Athletic"
"126",722,107,4,12,"Conference USA","TULSA",26,"Tulsa",23,"",21,"Central Florida",26,"UCF","Conference USA"
"629",723,13,60,12,"Pac-12","UCLA",17,"UCLA",38,"",28,"Southern California",21,"USC","Pac-12"
"342",724,15,87,12,"Western Athletic","UTST",26,"Utah State",48,"@",41,"Louisiana Tech",19,"LTU","Western Athletic"
"673",725,120,20,12,"Southeastern","VAN",26,"Vanderbilt",41,"",18,"Tennessee",26,"TEN","Southeastern"
"90",726,76,79,12,"Atlantic Coast","VT",26,"Virginia Tech",30,"@",23,"Boston College",26,"BC","Atlantic Coast"
"152",727,69,121,12,"Pac-12","WASH",26,"Washington",38,"@",3,"Colorado",26,"COL","Pac-12"
"469",728,124,123,12,"Mountain West","WYO",26,"Wyoming",28,"@",23,"Nevada-Las Vegas",26,"UNLV","Mountain West"
"18",729,106,110,13,"Mid-American","TOL",26,"Toledo",35,"",23,"Akron",26,"AKRON","Mid-American"
"677",730,105,62,13,"Big 12","TCU",26,"Texas Christian",20,"@",13,"Texas",18,"TEX","Big 12"
"33",731,1,23,13,"Pac-12","ASU",26,"Arizona State",41,"@",34,"Arizona",26,"ARI","Pac-12"
"395",732,2,90,13,"Mid-American","BALL",26,"Ball State",31,"@",24,"Miami OH",26,"MIA-O","Mid-American"
"108",733,80,81,13,"Mid-American","BG",26,"Bowling Green State",21,"",7,"Buffalo",26,"BUF","Mid-American"
"370",734,5,133,13,"Mid-American","CMU",26,"Central Michigan",42,"@",21,"Massachusetts",26,"UMASS","Mid-American"
"612",735,77,59,13,"Big East","CIN",26,"Cincinnati",27,"",10,"South Florida",26,"SFU","Big East"
"355",736,28,89,13,"Conference USA","ECU",26,"East Carolina",65,"",59,"Marshall",26,"MAR ","Conference USA"
"535",737,8,52,13,"Mid-American","KENT",23,"Kent State",28,"",6,"Ohio",26,"OHIO","Mid-American"
"48",738,39,24,13,"Southeastern","LSU",8,"Louisiana State",20,"@",13,"Arkansas",26,"ARK","Southeastern"
"296",739,46,35,13,"Big Ten","NEB",17,"Nebraska",13,"@",7,"Iowa",26,"IOWA","Big Ten"
"194",740,97,132,13,"Mid-American","NIU",24,"Northern Illinois",49,"@",7,"Eastern Michigan",26,"EMU","Mid-American"
"667",741,117,19,13,"Big East","SYR",26,"Syracuse",38,"@",20,"Temple",26,"TEM","Big East"
"144",742,14,121,13,"Pac-12","UTAH",26,"Utah",42,"@",35,"Colorado",26,"COL","Pac-12"
"786",743,108,69,13,"Pac-12","WSU",26,"Washington State",31,"",28,"Washington",26,"WASH","Pac-12"
"300",744,70,36,13,"Big 12","WV",26,"West Virginia",31,"@",24,"Iowa State",26,"ISU","Big 12"
"71",745,22,111,13,"Southeastern","BAMA",2,"Alabama",49,"",0,"Auburn",26,"AUB","Southeastern"
"702",746,74,64,13,"Big 12","BAY",26,"Baylor",52,"",45,"Texas Tech",26,"TTU","Big 12"
"492",747,3,11,13,"Independent","BYU",26,"Brigham Young",50,"@",14,"New Mexico State",26,"NMSU","Western Athletic"
"24",748,4,127,13,"Conference USA","UCF",26,"Central Florida",49,"",24,"Alabama-Birmingham",26,"UAB","Conference USA"
"480",749,26,48,13,"Mountain West","COLS",26,"Colorado State",24,"",20,"New Mexico",26,"NM","Mountain West"
"352",750,6,75,13,"Big East","UCONN",26,"Connecticut",23,"@",20,"Louisville",19,"LOU","Big East"
"219",751,29,30,13,"Southeastern","UF",6,"Florida",37,"@",26,"Florida State",10,"FSU","Atlantic Coast"
"2",752,31,21,13,"Mountain West","FRES",26,"Fresno State",48,"",15,"Air Force",26,"AF","Mountain West"
"235",753,32,84,13,"Southeastern","UGA",3,"Georgia",42,"",10,"Georgia Tech",26,"GT","Atlantic Coast"
"470",754,114,123,13,"Mountain West","HAW",26,"Hawaii",48,"",10,"Nevada-Las Vegas",26,"UNLV","Mountain West"
"733",755,125,131,13,"Conference USA","HOU",26,"Houston",40,"",17,"Tulane",26,"TULA","Conference USA"
"599",756,40,103,13,"Sun Belt","LA-L",26,"Louisiana-Lafayette",52,"",30,"South Alabama",26,"SOBAMA","Sun Belt"
"209",757,88,83,13,"Sun Belt","LA-M",26,"Louisiana-Monroe",23,"@",17,"Florida International",26,"FIU","Sun Belt"
"638",758,130,153,13,"Conference USA","MEM",26,"Memphis",42,"",24,"Southern Mississippi",26,"SO MISS","Conference USA"
"176",759,42,27,13,"Atlantic Coast","MIA",26,"Miami FL",52,"@",45,"Duke",26,"DUKE","Atlantic Coast"
"419",760,17,10,13,"Big Ten","MSU",26,"Michigan State",26,"@",10,"Minnesota",26,"MINN","Big Ten"
"723",761,92,66,13,"Sun Belt","MTSU",26,"Middle Tennessee State",24,"",21,"Troy",26,"TROY","Sun Belt"
"432",762,43,44,13,"Southeastern","OLE",26,"Mississippi",41,"",24,"Mississippi State",25,"MISS ST","Southeastern"
"367",763,49,41,13,"Atlantic Coast","UNC",26,"North Carolina",45,"",38,"Maryland",26,"MARY","Atlantic Coast"
"89",764,93,79,13,"Atlantic Coast","NCST",26,"North Carolina State",27,"",10,"Boston College",26,"BC","Atlantic Coast"
"277",765,50,33,13,"Big Ten","NU",26,"Northwestern",50,"",14,"Illinois",26,"IL","Big Ten"
"628",766,51,60,13,"Independent","ND",1,"Notre Dame",22,"@",13,"Southern California",26,"USC","Pac-12"
"403",767,53,91,13,"Big Ten","OSU",4,"Ohio State",26,"",21,"Michigan",20,"MICH","Big Ten"
"539",768,54,55,13,"Big 12","OU",14,"Oklahoma",51,"",48,"Oklahoma State",22,"OKST","Big 12"
"548",769,56,98,13,"Pac-12","ORE",5,"Oregon",48,"@",24,"Oregon State",16,"ORST","Pac-12"
"828",770,115,72,13,"Big Ten","PENN",26,"Penn State",24,"",21,"Wisconsin",26,"WIS","Big Ten"
"578",771,116,58,13,"Big East","PITT",26,"Pittsburgh",27,"",6,"Rutgers",21,"RUT","Big East"
"281",772,57,34,13,"Big Ten","PUR",26,"Purdue",56,"",35,"Indiana",26,"IND","Big Ten"
"711",773,99,119,13,"Conference USA","RICE",26,"Rice",33,"@",24,"Texas-El Paso",26,"UT-EP","Conference USA"
"839",774,101,124,13,"Mountain West","SDSU",26,"San Diego State",42,"@",28,"Wyoming",26,"WYO","Mountain West"
"340",775,102,87,13,"Western Athletic","SJSU",26,"San Jose State",52,"",43,"Louisiana Tech",26,"LTU","Western Athletic"
"142",776,12,25,13,"Southeastern","SC",13,"South Carolina",27,"@",17,"Clemson",12,"CLEM","Atlantic Coast"
"742",777,104,107,13,"Conference USA","SMU",26,"Southern Methodist",35,"",27,"Tulsa",26,"TULSA","Conference USA"
"744",778,18,13,13,"Pac-12","STAN",11,"Stanford",35,"@",17,"UCLA",15,"UCLA","Pac-12"
"329",779,20,86,13,"Southeastern","TEN",26,"Tennessee",37,"",17,"Kentucky",26,"UK","Southeastern"
"436",780,118,45,13,"Southeastern","TAMU",9,"Texas A&M",59,"",29,"Missouri",26,"MIZZ","Southeastern"
"697",781,65,63,13,"Western Athletic","UTSA",26,"Texas-San Antonio",38,"",31,"Texas State",26,"TEXST","Western Athletic"
"261",782,15,129,13,"Western Athletic","UTST",25,"Utah State",45,"",9,"Idaho",26,"ID","Western Athletic"
"781",783,120,68,13,"Southeastern","VAN",26,"Vanderbilt",55,"@",21,"Wake Forest",26,"WAKE","Atlantic Coast"
"765",784,76,67,13,"Atlantic Coast","VT",26,"Virginia Tech",17,"",14,"Virginia",26,"UVA","Atlantic Coast"
"511",785,71,95,13,"Sun Belt","WKU",26,"Western Kentucky",25,"",24,"North Texas",26,"NTEX","Sun Belt"
"579",786,75,58,14,"Big East","LOU",26,"Louisville",20,"@",17,"Rutgers",26,"RUT","Big East"
"323",787,97,8,14,"Mid-American","NIU",19,"Northern Illinois",44,"",37,"Kent State",18,"KENT","Mid-American"
"743",788,18,13,14,"Pac-12","STAN",8,"Stanford",27,"",24,"UCLA",17,"UCLA","Pac-12"
"227",789,22,32,14,"Southeastern","BAMA",2,"Alabama",32,"",28,"Georgia",3,"UGA","Southeastern"
"414",790,78,92,14,"Sun Belt","ARKST",26,"Arkansas State",45,"",0,"Middle Tennessee State",26,"MTSU","Sun Belt"
"540",791,74,55,14,"Big 12","BAY",26,"Baylor",41,"",34,"Oklahoma State",24,"OKST","Big 12"
"462",792,112,47,14,"Mountain West","BST",25,"Boise State",27,"@",21,"Nevada",26,"NEV","Mountain West"
"167",793,77,6,14,"Big East","CIN",26,"Cincinnati",34,"@",17,"Connecticut",26,"UCONN","Big East"
"238",794,30,84,14,"Atlantic Coast","FSU",13,"Florida State",21,"",15,"Georgia Tech",26,"GT","Atlantic Coast"
"594",795,114,103,14,"Mountain West","HAW",26,"Hawaii",23,"",7,"South Alabama",26,"SOBAMA","Sun Belt"
"680",796,38,62,14,"Big 12","KSU",7,"Kansas State",42,"",24,"Texas",23,"TEX","Big 12"
"204",797,40,16,14,"Sun Belt","LA-L",26,"Louisiana-Lafayette",35,"@",21,"Florida Atlantic",26,"FAU","Sun Belt"
"689",798,54,105,14,"Big 12","OU",12,"Oklahoma",24,"@",17,"Texas Christian",26,"TCU","Big 12"
"497",799,98,174,14,"Pac-12","ORST",16,"Oregon State",77,"",3,"Nicholls State",26,"NICHST","FCS"
"611",800,116,59,14,"Big East","PITT",26,"Pittsburgh",27,"@",3,"South Florida",26,"SFU","Big East"
"493",801,63,11,14,"Western Athletic","TEXST",26,"Texas State",66,"",28,"New Mexico State",26,"NMSU","Western Athletic"
"127",802,107,4,14,"Conference USA","TULSA",26,"Tulsa",33,"",27,"Central Florida",26,"UCF","Conference USA"
"316",803,70,37,14,"Big 12","WV",26,"West Virginia",59,"",10,"Kansas",26,"KU","Big 12"
"454",804,72,46,14,"Big Ten","WIS",26,"Wisconsin",70,"",31,"Nebraska",14,"NEB","Big Ten"
"62",805,122,128,15,"Independent","NAVY",26,"Navy",17,"",13,"Army",26,"ARMY","Independent"
"459",806,23,47,16,"Pac-12","ARI",26,"Arizona",49,"",48,"Nevada",26,"NEV","Mountain West"
"718",807,15,106,16,"Western Athletic","UTST",18,"Utah State",41,"",15,"Toledo",26,"TOL","Mid-American"
"587",808,3,101,17,"Independent","BYU",26,"Brigham Young",23,"@",6,"San Diego State",26,"SDSU","Mountain West"
"74",809,4,2,17,"Conference USA","UCF",26,"Central Florida",38,"",17,"Ball State",26,"BALL","Mid-American"
"785",810,112,69,17,"Mountain West","BST",20,"Boise State",28,"",26,"Washington",26,"WASH","Pac-12"
"179",811,40,28,17,"Sun Belt","LA-L",26,"Louisiana-Lafayette",43,"",34,"East Carolina",26,"ECU","Conference USA"
"224",812,104,31,17,"Conference USA","SMU",26,"Southern Methodist",43,"",10,"Fresno State",26,"FRES","Mountain West"
"811",813,5,71,18,"Mid-American","CMU",26,"Central Michigan",24,"",21,"Western Kentucky",26,"WKU","Sun Belt"
"745",814,74,13,18,"Big 12","BAY",26,"Baylor",49,"",26,"UCLA",17,"UCLA","Pac-12"
"173",815,77,27,18,"Big East","CIN",26,"Cincinnati",48,"",34,"Duke",26,"DUKE","Atlantic Coast"
"98",816,102,80,18,"Western Athletic","SJSU",24,"San Jose State",29,"",20,"Bowling Green State",26,"BG","Mid-American"
"350",817,52,88,18,"Mid-American","OHIO",26,"Ohio",45,"",14,"Louisiana-Monroe",26,"LA-M","Sun Belt"
"424",818,64,10,18,"Big 12","TTU",26,"Texas Tech",34,"",31,"Minnesota",26,"MINN","Big Ten"
"581",819,76,58,18,"Atlantic Coast","VT",26,"Virginia Tech",13,"",10,"Rutgers",26,"RUT","Big East"
"450",820,1,122,18,"Pac-12","ASU",26,"Arizona State",62,"",28,"Navy",26,"NAVY","Independent"
"684",821,17,105,18,"Big Ten","MSU",26,"Michigan State",17,"",16,"Texas Christian",26,"TCU","Big 12"
"5",822,99,21,18,"Conference USA","RICE",26,"Rice",33,"",14,"Air Force",26,"AF","Mountain West"
"805",823,117,70,18,"Big East","SYR",26,"Syracuse",38,"",14,"West Virginia",26,"WV","Big 12"
"546",824,62,98,18,"Big 12","TEX",26,"Texas",31,"",27,"Oregon State",15,"ORST","Pac-12"
"339",825,25,39,19,"Atlantic Coast","CLEM",14,"Clemson",25,"",24,"Louisiana State",9,"LSU","Southeastern"
"625",826,84,60,19,"Atlantic Coast","GT",26,"Georgia Tech",21,"",7,"Southern California",26,"USC","Pac-12"
"297",827,107,36,19,"Conference USA","TULSA",26,"Tulsa",31,"",17,"Iowa State",26,"ISU","Big 12"
"506",828,120,93,19,"Southeastern","VAN",26,"Vanderbilt",38,"",24,"North Carolina State",26,"NCST","Atlantic Coast"
"521",829,30,97,20,"Atlantic Coast","FSU",13,"Florida State",31,"",10,"Northern Illinois",16,"NIU","Mid-American"
"453",830,32,46,20,"Southeastern","UGA",6,"Georgia",45,"",31,"Nebraska",23,"NEB","Big Ten"
"434",831,50,44,20,"Big Ten","NU",21,"Northwestern",34,"",20,"Mississippi State",26,"MISS ST","Southeastern"
"564",832,55,57,20,"Big 12","OKST",26,"Oklahoma State",58,"",14,"Purdue",26,"PUR","Big Ten"
"405",833,12,91,20,"Southeastern","SC",11,"South Carolina",33,"",28,"Michigan",19,"MICH","Big Ten"
"829",834,18,72,20,"Pac-12","STAN",8,"Stanford",20,"",14,"Wisconsin",26,"WIS","Big Ten"
"197",835,75,29,20,"Big East","LOU",22,"Louisville",33,"",23,"Florida",4,"UF","Southeastern"
"319",836,56,38,20,"Pac-12","ORE",5,"Oregon",35,"",17,"Kansas State",7,"KSU","Big 12"
"536",837,118,54,20,"Southeastern","TAMU",10,"Texas A&M",41,"",13,"Oklahoma",12,"OU","Big 12"
"555",838,43,116,20,"Southeastern","OLE",26,"Mississippi",38,"",17,"Pittsburgh",26,"PITT","Big East"
"321",839,78,8,20,"Sun Belt","ARKST",26,"Arkansas State",17,"",13,"Kent State",25,"KENT","Mid-American"
"531",840,22,51,20,"Southeastern","BAMA",2,"Alabama",42,"",14,"Notre Dame",1,"ND","Independent"
