"","game.id","week","outcome","abbrvs","conference","name","pts","rank"
"1",0,0,2,"LOU","Big East","Lousiville",0,25
"2",0,0,2,"BST","Mountain West","Boise State",0,24
"3",0,0,2,"UF","Southeastern","Florida",0,23
"4",0,0,2,"KST","Big 12","Kansas State",0,22
"5",0,0,2,"STAN","Pac-12","Stanford",0,21
"6",0,0,2,"TCU","Big 12","Texas Christian",0,20
"7",0,0,2,"OKST","Big 12","Oklahoma State",0,19
"8",0,0,2,"OSU","Big Ten","Ohio State",0,18
"9",0,0,2,"NEB","Big Ten","Nebraska",0,17
"10",0,0,2,"VT","Atlantic Coastal","Virginia Tech",0,16
"11",0,0,2,"TEX","Big 12","Texas",0,15
"12",0,0,2,"CLEM","Atlantic Coastal","Clemson",0,14
"13",0,0,2,"MSU","Big Ten","Michigan State",0,13
"14",0,0,2,"WIS","Big Ten","Wisconsin",0,12
"15",0,0,2,"WV","Big 12","West Virginia",0,11
"16",0,0,2,"ARK","Southeastern","Arkansas",0,10
"17",0,0,2,"SC","Southeastern","South Carolina",0,9
"18",0,0,2,"MICH","Big Ten","Michigan",0,8
"19",0,0,2,"FSU","Atlantic Coastal","Florida State",0,7
"20",0,0,2,"UGA","Southeastern","Georgia",0,6
"21",0,0,2,"ORE","Pac-12","Oregon",0,5
"22",0,0,2,"OU","Big 12","Oklahoma",0,4
"23",0,0,2,"LSU","Southeastern","Louisiana State",0,3
"24",0,0,2,"BAMA","Southeastern","Alabama",0,2
"25",0,0,2,"USC","Pac-12","Southern California",0,1
"26",1,1,0,"NOAZ","FCS","Northern Arizona",6,26
"27",1,1,1,"ASU","Pac-12","Arizona State",63,26
"28",2,1,0,"EMU","Mid-American","Eastern Michigan",26,26
"29",2,1,1,"BALL","Mid-American","Ball State",37,26
"30",3,1,0,"WSU","Pac-12","Washington State",6,26
"31",3,1,1,"BYU","Independent","Brigham Young",30,26
"32",4,1,0,"AKRON","Mid-American","Akron",14,26
"33",4,1,1,"UCF","Conference USA","Central Florida",56,26
"34",5,1,0,"SEMIZZ","FCS","Southeast Missouri State",27,26
"35",5,1,1,"CMU","Mid-American","Central Michigan",38,26
"36",6,1,0,"UMASS","Mid-American","Massachusetts",0,26
"37",6,1,1,"UCONN","Big East","Connecticut",37,26
"38",7,1,0,"ID","Western Athletic","Idaho",3,26
"39",7,1,1,"EWU","FCS","Eastern Washington",20,26
"40",8,1,0,"TOW","FCS","Towson",21,26
"41",8,1,1,"KENT","Mid-American","Kent State",41,26
"42",9,1,0,"MTSU","Sun Belt","Middle Tennessee State",21,26
"43",9,1,1,"MCNST","FCS","McNeese State",27,26
"44",10,1,0,"UNLV","Mountain West","Nevada-Las Vegas",27,26
"45",10,1,1,"MINN","Big Ten","Minnesota",30,26
"46",11,1,0,"SACRST","FCS","Sacramento State",19,26
"47",11,1,1,"NMSU","Western Athletic","New Mexico State",49,26
"48",12,1,0,"VAN","Southeastern","Vanderbilt",13,26
"49",12,1,1,"SC","Southeastern","South Carolina",17,9
"50",13,1,0,"RICE","Conference USA","Rice",24,26
"51",13,1,1,"UCLA","Pac-12","UCLA",49,26
"52",14,1,0,"NOCOL","FCS","Northern Colorado",0,26
"53",14,1,1,"UTAH","Pac-12","Utah",41,26
"54",15,1,0,"SUTAH","FCS","Southern Utah",3,26
"55",15,1,1,"UTST","Western Athletic","Utah State",34,26
"56",16,1,0,"WAG","FCS","Wagner",3,26
"57",16,1,1,"FAU","Sun Belt","Florida Atlantic",7,26
"58",17,1,0,"BST","Mountain West","Boise State",13,24
"59",17,1,1,"MSU","Big Ten","Michigan State",17,13
"60",18,1,0,"SJSU","Western Athletic","San Jose State",17,26
"61",18,1,1,"STAN","Pac-12","Stanford",20,21
"62",19,1,0,"VILL","FCS","Villanova",10,26
"63",19,1,1,"TEM","Big East","Temple",41,26
"64",20,1,0,"NCST","Atlantic Coast","North Carolina State",21,26
"65",20,1,1,"TEN","Southeastern","Tennessee",35,26
"66",21,1,0,"IDST","FCS","Idaho State",21,26
"67",21,1,1,"AF","Mountain West","Air Force",49,26
"68",22,1,0,"MICH","Big Ten","Michigan",14,8
"69",22,1,1,"BAMA","Southeastern","Alabama",41,2
"70",23,1,0,"TOL","Mid-American","Toledo",17,26
"71",23,1,1,"ARI","Pac-12","Arizona",24,26
"72",24,1,0,"JVILST","FCS","Jacksonville State",24,26
"73",24,1,1,"ARK","Southeastern","Arkansas",49,10
"74",25,1,0,"AUB","Southeastern","Auburn",19,26
"75",25,1,1,"CLEM","Atlantic Coast","Clemson",26,14
"76",26,1,0,"COL","Pac-12","Colorado",17,26
"77",26,1,1,"COLS","Mountain West","Colorado State",22,26
"78",27,1,0,"FIU","Sun Belt","Florida International",26,26
"79",27,1,1,"DUKE","Atlantic Coast","Duke",46,26
"80",28,1,0,"APPST","FCS","Appalachian State",13,26
"81",28,1,1,"ECU","Conference USA","East Carolina",35,26
"82",29,1,0,"BG","Mid-American","Bowling Green State",14,26
"83",29,1,1,"UF","Southeastern","Florida",27,23
"84",30,1,0,"MURR","FCS","Murray State",3,26
"85",30,1,1,"FSU","Atlantic Coast","Florida State",69,7
"86",31,1,0,"WEBST","FCS","Weber State",10,26
"87",31,1,1,"FRES","Mountain West","Fresno State",37,26
"88",32,1,0,"BUF","Mid-American","Buffalo",23,26
"89",32,1,1,"UGA","Southeastern","Georgia",45,6
"90",33,1,0,"WMU","Mid-American","Western Michigan",7,26
"91",33,1,1,"IL","Big Ten","Illinois",24,26
"92",34,1,0,"INDST","FCS","Indiana State",17,26
"93",34,1,1,"IND","Big Ten","Indiana",24,26
"94",35,1,0,"NIU","Mid-American","Northern Illinois",17,26
"95",35,1,1,"IOWA","Big Ten","Iowa",18,26
"96",36,1,0,"TULSA","Conference USA","Tulsa",23,26
"97",36,1,1,"ISU","Big 12","Iowa State",38,26
"98",37,1,0,"SDKSU","FCS","South Dakota State",17,26
"99",37,1,1,"KU","Big 12","Kansas",31,26
"100",38,1,0,"MIZZST","FCS","Missouri State",9,26
"101",38,1,1,"KSU","Big 12","Kansas State",51,22
"102",39,1,0,"NTEX","Sun Belt","North Texas",14,26
"103",39,1,1,"LSU","Southeastern","Louisiana State",41,3
"104",40,1,0,"LAMAR","FCS","Lamar",0,26
"105",40,1,1,"LA-L","Sun Belt","Louisiana-Lafayette",40,26
"106",41,1,0,"W&M","FCS","William & Mary",6,26
"107",41,1,1,"MARY","Atlantic Coast","Maryland",7,26
"108",42,1,0,"BC","Atlantic Coast","Boston College",32,26
"109",42,1,1,"MIA","Atlantic Coast","Miami FL",41,26
"110",43,1,0,"C-ARK","FCS","Central Arkansas",27,26
"111",43,1,1,"OLE","Southeastern","Mississippi",49,26
"112",44,1,0,"JST","FCS","Jackson State",9,26
"113",44,1,1,"MISS ST","Southeastern","Mississippi State",56,26
"114",45,1,0,"SE LOU","FCS","Southeastern Louisiana",10,26
"115",45,1,1,"MIZZ","Southeastern","Missouri",62,26
"116",46,1,0,"SO MISS","Conference USA","Southern Mississippi",20,26
"117",46,1,1,"NEB","Big Ten","Nebraska",49,17
"118",47,1,0,"CAL","Pac-12","California",24,26
"119",47,1,1,"NEV","Mountain West","Nevada",31,26
"120",48,1,0,"STHRN","FCS","Southern",21,26
"121",48,1,1,"NM","Mountain West","New Mexico",66,26
"122",49,1,0,"ELON","FCS","Elon",0,26
"123",49,1,1,"UNC","Atlantic Coast","North Carolina",62,26
"124",50,1,0,"SYR","Big East","Syracuse",41,26
"125",50,1,1,"NU","Big Ten","Northwestern",42,26
"126",51,1,0,"NAVY","Independent","Navy",10,26
"127",51,1,1,"ND","Independent","Notre Dame",50,26
"128",52,1,0,"PENN","Big Ten","Penn State",14,26
"129",52,1,1,"OHIO","Mid-American","Ohio",24,26
"130",53,1,0,"MIA-O","Mid-American","Miami OH",10,26
"131",53,1,1,"OSU","Big Ten","Ohio State",56,18
"132",54,1,0,"UT-EP","Conference USA","Texas-El Paso",7,26
"133",54,1,1,"OU","Big 12","Oklahoma",24,4
"134",55,1,0,"SAVST","FCS","Savannah State",0,26
"135",55,1,1,"OKST","Big 12","Oklahoma State",84,19
"136",56,1,0,"ARKST","Sun Belt","Arkansas State",34,26
"137",56,1,1,"ORE","Pac-12","Oregon",57,5
"138",57,1,0,"EKU","FCS","Eastern Kentucky",6,26
"139",57,1,1,"PUR","Big Ten","Purdue",48,26
"140",58,1,0,"TULA","Conference USA","Tulane",12,26
"141",58,1,1,"RUT","Big East","Rutgers",24,26
"142",59,1,0,"CHATT","FCS","Chattanooga",13,26
"143",59,1,1,"SFU","Big East","South Florida",34,26
"144",60,1,0,"HAW","Mountain West","Hawaii",10,26
"145",60,1,1,"USC","Pac-12","Southern California",49,1
"146",61,1,0,"MEM","Conference USA","Memphis",17,26
"147",61,1,1,"TNMT","FCS","Tennessee-Martin",20,26
"148",62,1,0,"WYO","Mountain West","Wyoming",17,26
"149",62,1,1,"TEX","Big 12","Texas",37,15
"150",63,1,0,"HOU","Conference USA","Houston",13,26
"151",63,1,1,"TEXST","Western Athletic","Texas State",30,26
"152",64,1,0,"NWST","FCS","Northwestern State",6,26
"153",64,1,1,"TTU","Big 12","Texas Tech",44,26
"154",65,1,0,"SOBAMA","Sun Belt","South Alabama",31,26
"155",65,1,1,"UTSA","Western Athletic","Texas-San Antonio",33,26
"156",66,1,0,"UAB","Conference USA","Alabama-Birmingham",29,26
"157",66,1,1,"TROY","Sun Belt","Troy",39,26
"158",67,1,0,"RICH","FCS","Richmond",19,26
"159",67,1,1,"UVA","Atlantic Coast","Virginia",43,26
"160",68,1,0,"LIB","FCS","Liberty",17,26
"161",68,1,1,"WAKE","Atlantic Coast","Wake Forest",20,26
"162",69,1,0,"SDSU","Mountain West","San Diego State",12,26
"163",69,1,1,"WASH","Pac-12","Washington",21,26
"164",70,1,0,"MAR ","Conference USA","Marshall",34,26
"165",70,1,1,"WV","Big 12","West Virginia",69,11
"166",71,1,0,"PEAY","FCS","Austin Peay",10,26
"167",71,1,1,"WKU","Sun Belt","Western Kentucky",49,26
"168",72,1,0,"UNI","FCS","Northern Iowa",21,26
"169",72,1,1,"WIS","Big Ten","Wisconsin",26,12
"170",73,1,0,"PITT","Big East","Pittsburgh",17,26
"171",73,1,1,"YST","FCS","Youngstown State",31,26
"172",74,1,0,"SMU","Conference USA","Southern Methodist",24,26
"173",74,1,1,"BAY","Big 12","Baylor",59,26
"174",75,1,0,"UK","Southeastern","Kentucky",14,26
"175",75,1,1,"LOU","Big East","Louisville",32,23
"176",76,1,0,"GT","Atlantic Coast","Georgia Tech",17,26
"177",76,1,1,"VT","Atlantic Coast","Virginia Tech",20,15
"178",77,2,0,"PITT","Big East","Pittsburgh",10,26
"179",77,2,1,"CIN","Big East","Cincinnati",34,26
"180",78,2,0,"UTAH","Pac-12","Utah",20,26
"181",78,2,1,"UTST","Western Athletic","Utah State",27,26
"182",79,2,0,"WKU","Sun Belt","Western Kentucky",0,26
"183",79,2,1,"BAMA","Southeastern","Alabama",35,1
"184",80,2,0,"OKST","Big 12","Oklahoma State",38,18
"185",80,2,1,"ARI","Pac-12","Arizona",59,26
"186",81,2,0,"IL","Big Ten","Illinois",14,26
"187",81,2,1,"ASU","Pac-12","Arizona State",45,26
"188",82,2,0,"MEM","Conference USA","Memphis",28,26
"189",82,2,1,"ARKST","Sun Belt","Arkansas State",33,26
"190",83,2,0,"MAINE","FCS","Maine",3,26
"191",83,2,1,"BC","Atlantic Coast","Boston College",34,26
"192",84,2,0,"ID","Western Athletic","Idaho",13,26
"193",84,2,1,"BG","Mid-American","Bowling Green State",21,26
"194",85,2,0,"WEBST","FCS","Weber State",13,26
"195",85,2,1,"BYU","Independent","Brigham Young",45,26
"196",86,2,0,"MORG","FCS","Morgan State",34,26
"197",86,2,1,"BUF","Mid-American","Buffalo",56,26
"198",87,2,0,"SUTAH","FCS","Southern Utah",31,26
"199",87,2,1,"CAL","Pac-12","California",50,26
"200",88,2,0,"BALL","Mid-American","Ball State",27,26
"201",88,2,1,"CLEM","Atlantic Coast","Clemson",52,12
"202",89,2,0,"TAMU","Southeastern","Texas A&M",17,26
"203",89,2,1,"UF","Southeastern","Florida",20,24
"204",90,2,0,"AKRON","Mid-American","Akron",38,26
"205",90,2,1,"FIU","Sun Belt","Florida International",41,26
"206",91,2,0,"SAVST","FCS","Savannah State",0,26
"207",91,2,1,"FSU","Atlantic Coast","Florida State",55,6
"208",92,2,0,"MIZZ","Southeastern","Missouri",20,26
"209",92,2,1,"UGA","Southeastern","Georgia",41,7
"210",93,2,0,"PRESB","FCS","Presbyterian",3,26
"211",93,2,1,"GT","Atlantic Coast","Georgia Tech",59,26
"212",94,2,0,"EMU","Mid-American","Eastern Michigan",14,26
"213",94,2,1,"ILST","FCS","Illinois State",31,26
"214",95,2,0,"UMASS","Mid-American","Massachusetts",6,26
"215",95,2,1,"IND","Big Ten","Indiana",45,26
"216",96,2,0,"IOWA","Big Ten","Iowa",6,26
"217",96,2,1,"ISU","Big 12","Iowa State",9,26
"218",97,2,0,"MIA","Atlantic Coast","Miami FL",13,26
"219",97,2,1,"KSU","Big 12","Kansas State",52,21
"220",98,2,0,"KENT","Mid-American","Kent State",14,26
"221",98,2,1,"UK","Southeastern","Kentucky",47,26
"222",99,2,0,"WASH","Pac-12","Washington",3,26
"223",99,2,1,"LSU","Southeastern","Louisiana State",41,3
"224",100,2,0,"HOU","Conference USA","Houston",49,26
"225",100,2,1,"LTU","Western Athletic","Louisiana Tech",56,26
"226",101,2,0,"TROY","Sun Belt","Troy",24,26
"227",101,2,1,"LA-L","Sun Belt","Louisiana-Lafayette",37,26
"228",102,2,0,"ARK","Southeastern","Arkansas",31,8
"229",102,2,1,"LA-M","Sun Belt","Louisiana-Monroe",34,26
"230",103,2,0,"MIZZST","FCS","Missouri State",7,26
"231",103,2,1,"LOU","Big East","Louisville",35,23
"232",104,2,0,"WCU","FCS","Western Carolina",24,26
"233",104,2,1,"MAR ","Conference USA","Marshall",52,26
"234",105,2,0,"TEM","Big East","Temple",27,26
"235",105,2,1,"MARY","Atlantic Coast","Maryland",36,26
"236",106,2,0,"SILLN","FCS","Southern Illinois",14,26
"237",106,2,1,"MIA-O","Mid-American","Miami OH",30,26
"238",107,2,0,"AF","Mountain West","Air Force",25,26
"239",107,2,1,"MICH","Big Ten","Michigan",31,19
"240",108,2,0,"CMU","Mid-American","Central Michigan",7,26
"241",108,2,1,"MSU","Big Ten","Michigan State",41,11
"242",109,2,0,"FAU","Sun Belt","Florida Atlantic",17,26
"243",109,2,1,"MTSU","Sun Belt","Middle Tennessee State",31,26
"244",110,2,0,"NHAMP","FCS","New Hampshire",7,26
"245",110,2,1,"MINN","Big Ten","Minnesota",44,26
"246",111,2,0,"UT-EP","Conference USA","Texas-El Paso",10,26
"247",111,2,1,"OLE","Southeastern","Mississippi",28,26
"248",112,2,0,"AUB","Southeastern","Auburn",10,26
"249",112,2,1,"MISS ST","Southeastern","Mississippi State",28,26
"250",113,2,0,"UCONN","Big East","Connecticut",7,26
"251",113,2,1,"NCST","Atlantic Coast","North Carolina State",10,26
"252",114,2,0,"COLS","Mountain West","Colorado State",7,26
"253",114,2,1,"NDKST","FCS","North Dakota State",22,26
"254",115,2,0,"TEXSTH","FCS","Texas Southern",7,26
"255",115,2,1,"NTEX","Sun Belt","North Texas",34,26
"256",116,2,0,"UNLV","Mountain West","Nevada-Las Vegas",14,26
"257",116,2,1,"NOAZ","FCS","Northern Arizona",17,26
"258",117,2,0,"TNMT","FCS","Tennessee-Martin",7,26
"259",117,2,1,"NIU","Mid-American","Northern Illinois",35,26
"260",118,2,0,"VAN","Southeastern","Vanderbilt",13,26
"261",118,2,1,"NU","Big Ten","Northwestern",23,26
"262",119,2,0,"PUR","Big Ten","Purdue",17,26
"263",119,2,1,"ND","Independent","Notre Dame",20,22
"264",120,2,0,"NMSU","Western Athletic","New Mexico State",24,26
"265",120,2,1,"OHIO","Mid-American","Ohio",51,26
"266",121,2,0,"UCF","Conference USA","Central Florida",16,26
"267",121,2,1,"OSU","Big Ten","Ohio State",31,14
"268",122,2,0,"F A&M","FCS","Florida A&M",13,26
"269",122,2,1,"OU","Big 12","Oklahoma",69,5
"270",123,2,0,"FRES","Mountain West","Fresno State",25,26
"271",123,2,1,"ORE","Pac-12","Oregon",42,4
"272",124,2,0,"WIS","Big Ten","Wisconsin",7,13
"273",124,2,1,"ORST","Pac-12","Oregon State",10,26
"274",125,2,0,"KU","Big 12","Kansas",24,26
"275",125,2,1,"RICE","Conference USA","Rice",25,26
"276",126,2,0,"HOW","FCS","Howard",0,26
"277",126,2,1,"RUT","Big East","Rutgers",26,26
"278",127,2,0,"COL","Pac-12","Colorado",28,26
"279",127,2,1,"SACRST","FCS","Sacramento State",30,26
"280",128,2,0,"ARMY","Independent","Army",7,26
"281",128,2,1,"SDSU","Mountain West","San Diego State",42,26
"282",129,2,0,"UC-D","FCS","California-Davis",13,26
"283",129,2,1,"SJSU","Western Athletic","San Jose State",45,26
"284",130,2,0,"NICHST","FCS","Nicholls State",3,26
"285",130,2,1,"SOBAMA","Sun Belt","South Alabama",9,26
"286",131,2,0,"ECU","Conference USA","East Carolina",10,26
"287",131,2,1,"SC","Southeastern","South Carolina",48,9
"288",132,2,0,"NEV","Mountain West","Nevada",31,26
"289",132,2,1,"SFU","Big East","South Florida",32,26
"290",133,2,0,"SYR","Big East","Syracuse",29,26
"291",133,2,1,"USC","Pac-12","Southern California",42,2
"292",134,2,0,"SFAUST","FCS","Stephen F. Austin",0,26
"293",134,2,1,"SMU","Conference USA","Southern Methodist",52,26
"294",135,2,0,"DUKE","Atlantic Coast","Duke",13,26
"295",135,2,1,"STAN","Pac-12","Stanford",50,25
"296",136,2,0,"GEORST","FCS","Georgia State",13,26
"297",136,2,1,"TEN","Southeastern","Tennessee",51,26
"298",137,2,0,"NM","Mountain West","New Mexico",0,26
"299",137,2,1,"TEX","Big 12","Texas",45,17
"300",138,2,0,"GRAMB","FCS","Grambling State",0,26
"301",138,2,1,"TCU","Big 12","Texas Christian",56,20
"302",139,2,0,"TEXST","Western Athletic","Texas State",10,26
"303",139,2,1,"TTU","Big 12","Texas Tech",58,26
"304",140,2,0,"T A&M-C","Division II","Texas A&M-Commerce",16,26
"305",140,2,1,"UTSA","Western Athletic","Texas-San Antonio",27,26
"306",141,2,0,"WYO","Mountain West","Wyoming",31,26
"307",141,2,1,"TOL","Mid-American","Toledo",34,26
"308",142,2,0,"TULA","Conference USA","Tulane",10,26
"309",142,2,1,"TULSA","Conference USA","Tulsa",45,26
"310",143,2,0,"NEB","Big Ten","Nebraska",30,16
"311",143,2,1,"UCLA","Pac-12","UCLA",36,26
"312",144,2,0,"PENN","Big Ten","Penn State",16,26
"313",144,2,1,"UVA","Atlantic Coast","Virginia",17,26
"314",145,2,0,"PEAY","FCS","Austin Peay",7,26
"315",145,2,1,"VT","Atlantic Coast","Virginia Tech",42,15
"316",146,2,0,"UNC","Atlantic Coast","North Carolina",27,26
"317",146,2,1,"WAKE","Atlantic Coast","Wake Forest",28,26
"318",147,2,0,"EWU","FCS","Eastern Washington",20,26
"319",147,2,1,"WSU","Pac-12","Washington State",24,26
"320",148,2,0,"EILLN","FCS","Eastern Illinois",21,26
"321",148,2,1,"WMU","Mid-American","Western Michigan",52,26
"322",149,3,0,"SFU","Big East","South Florida",13,26
"323",149,3,1,"RUT","Big East","Rutgers",23,26
"324",150,3,0,"UNLV","Mountain West","Nevada-Las Vegas",27,26
"325",150,3,1,"WSU","Pac-12","Washington State",35,26
"326",151,3,0,"MORG","FCS","Morgan State",6,26
"327",151,3,1,"AKRON","Mid-American","Akron",66,26
"328",152,3,0,"ARK","Southeastern","Arkansas",0,26
"329",152,3,1,"BAMA","Southeastern","Alabama",52,1
"330",153,3,0,"SCST","FCS","South Carolina State",0,26
"331",153,3,1,"ARI","Pac-12","Arizona",56,24
"332",154,3,0,"LA-M","Sun Belt","Louisiana-Monroe",28,26
"333",154,3,1,"AUB","Southeastern","Auburn",31,26
"334",155,3,0,"IND","Big Ten","Indiana",39,26
"335",155,3,1,"BALL","Mid-American","Ball State",41,26
"336",156,3,0,"SAMH","FCS","Sam Houston State",23,26
"337",156,3,1,"BAY","Big 12","Baylor",48,26
"338",157,3,0,"MIA-O","Mid-American","Miami OH",12,26
"339",157,3,1,"BST","Mountain West","Boise State",39,26
"340",158,3,0,"WYO","Mountain West","Wyoming",22,26
"341",158,3,1,"CAL-P","FCS","Cal Poly",24,26
"342",159,3,0,"FIU","Sun Belt","Florida International",20,26
"343",159,3,1,"UCF","Conference USA","Central Florida",33,26
"344",160,3,0,"DELST","FCS","Delaware State",7,26
"345",160,3,1,"CIN","Big East","Cincinnati",23,26
"346",161,3,0,"FUR","FCS","Furman",7,26
"347",161,3,1,"CLEM","Atlantic Coast","Clemson",41,11
"348",162,3,0,"MARY","Atlantic Coast","Maryland",21,26
"349",162,3,1,"UCONN","Big East","Connecticut",24,26
"350",163,3,0,"NCC","FCS","North Carolina Central",17,26
"351",163,3,1,"DUKE","Atlantic Coast","Duke",54,26
"352",164,3,0,"SO MISS","Conference USA","Southern Mississippi",14,26
"353",164,3,1,"ECU","Conference USA","East Carolina",24,26
"354",165,3,0,"TEN","Southeastern","Tennessee",20,23
"355",165,3,1,"UF","Southeastern","Florida",37,18
"356",166,3,0,"WAKE","Atlantic Coast","Wake Forest",0,26
"357",166,3,1,"FSU","Atlantic Coast","Florida State",52,5
"358",167,3,0,"COL","Pac-12","Colorado",14,26
"359",167,3,1,"FRES","Mountain West","Fresno State",69,26
"360",168,3,0,"FAU","Sun Belt","Florida Atlantic",20,26
"361",168,3,1,"UGA","Southeastern","Georgia",56,7
"362",169,3,0,"UVA","Atlantic Coast","Virginia",20,26
"363",169,3,1,"GT","Atlantic Coast","Georgia Tech",56,26
"364",170,3,0,"LAMAR","FCS","Lamar",2,26
"365",170,3,1,"HAW","Mountain West","Hawaii",54,26
"366",171,3,0,"CHSOU","FCS","Charleston Southern",0,26
"367",171,3,1,"IL","Big Ten","Illinois",44,26
"368",172,3,0,"UNI","FCS","Northern Iowa",16,26
"369",172,3,1,"IOWA","Big Ten","Iowa",27,26
"370",173,3,0,"W ILLN","FCS","Western Illinois",3,26
"371",173,3,1,"ISU","Big 12","Iowa State",37,26
"372",174,3,0,"NTEX","Sun Belt","North Texas",21,26
"373",174,3,1,"KSU","Big 12","Kansas State",35,15
"374",175,3,0,"ID","Western Athletic","Idaho",14,26
"375",175,3,1,"LSU","Southeastern","Louisiana State",63,3
"376",176,3,0,"RICE","Conference USA","Rice",37,26
"377",176,3,1,"LTU","Western Athletic","Louisiana Tech",56,26
"378",177,3,0,"UNC","Atlantic Coast","North Carolina",34,26
"379",177,3,1,"LOU","Big East","Louisville",39,19
"380",178,3,0,"BETHCK","FCS","Bethune-Cookman",10,26
"381",178,3,1,"MIA","Atlantic Coast","Miami FL",38,26
"382",179,3,0,"UMASS","Mid-American","Massachusetts",13,26
"383",179,3,1,"MICH","Big Ten","Michigan",63,17
"384",180,3,0,"MEM","Conference USA","Memphis",30,26
"385",180,3,1,"MTSU","Sun Belt","Middle Tennessee State",48,26
"386",181,3,0,"WMU","Mid-American","Western Michigan",23,26
"387",181,3,1,"MINN","Big Ten","Minnesota",28,26
"388",182,3,0,"TROY","Sun Belt","Troy",24,26
"389",182,3,1,"MISS ST","Southeastern","Mississippi State",30,26
"390",183,3,0,"ASU","Pac-12","Arizona State",20,26
"391",183,3,1,"MIZZ","Southeastern","Missouri",24,26
"392",184,3,0,"ARKST","Sun Belt","Arkansas State",13,26
"393",184,3,1,"NEB","Big Ten","Nebraska",42,26
"394",185,3,0,"NWST","FCS","Northwestern State",34,26
"395",185,3,1,"NEV","Mountain West","Nevada",45,26
"396",186,3,0,"SOBAMA","Sun Belt","South Alabama",7,26
"397",186,3,1,"NCST","Atlantic Coast","North Carolina State",31,26
"398",187,3,0,"ARMY","Independent","Army",40,26
"399",187,3,1,"NIU","Mid-American","Northern Illinois",41,26
"400",188,3,0,"BC","Atlantic Coast","Boston College",13,26
"401",188,3,1,"NU","Big Ten","Northwestern",22,26
"402",189,3,0,"MSU","Big Ten","Michigan State",3,10
"403",189,3,1,"ND","Independent","Notre Dame",20,20
"404",190,3,0,"MAR ","Conference USA","Marshall",24,26
"405",190,3,1,"OHIO","Mid-American","Ohio",27,26
"406",191,3,0,"CAL","Pac-12","California",28,26
"407",191,3,1,"OSU","Big Ten","Ohio State",35,12
"408",192,3,0,"LA-L","Sun Belt","Louisiana-Lafayette",24,26
"409",192,3,1,"OKST","Big 12","Oklahoma State",65,26
"410",193,3,0,"TENN TECH","FCS","Tennessee Tech",14,26
"411",193,3,1,"ORE","Pac-12","Oregon",63,4
"412",194,3,0,"NAVY","Independent","Navy",7,26
"413",194,3,1,"PENN","Big Ten","Penn State",34,26
"414",195,3,0,"VT","Atlantic Coast","Virginia Tech",17,13
"415",195,3,1,"PITT","Big East","Pittsburgh",35,26
"416",196,3,0,"EMU","Mid-American","Eastern Michigan",16,26
"417",196,3,1,"PUR","Big Ten","Purdue",54,26
"418",197,3,0,"NDK","FCS","North Dakota",41,26
"419",197,3,1,"SDSU","Mountain West","San Diego State",49,26
"420",198,3,0,"COLS","Mountain West","Colorado State",20,26
"421",198,3,1,"SJSU","Western Athletic","San Jose State",40,26
"422",199,3,0,"UAB","Conference USA","Alabama-Birmingham",6,26
"423",199,3,1,"SC","Southeastern","South Carolina",49,8
"424",200,3,0,"USC","Pac-12","Southern California",14,2
"425",200,3,1,"STAN","Pac-12","Stanford",21,21
"426",201,3,0,"STBRK","FCS","Stony Brook",17,26
"427",201,3,1,"SYR","Big East","Syracuse",28,26
"428",202,3,0,"OLE","Southeastern","Mississippi",31,26
"429",202,3,1,"TEX","Big 12","Texas",66,14
"430",203,3,0,"SMU","Conference USA","Southern Methodist",3,26
"431",203,3,1,"TAMU","Southeastern","Texas A&M",48,26
"432",204,3,0,"KU","Big 12","Kansas",6,26
"433",204,3,1,"TCU","Big 12","Texas Christian",20,16
"434",205,3,0,"NM","Mountain West","New Mexico",14,26
"435",205,3,1,"TTU","Big 12","Texas Tech",49,26
"436",206,3,0,"NMSU","Western Athletic","New Mexico State",28,26
"437",206,3,1,"UT-EP","Conference USA","Texas-El Paso",41,26
"438",207,3,0,"GEORST","FCS","Georgia State",14,26
"439",207,3,1,"UTSA","Western Athletic","Texas-San Antonio",38,26
"440",208,3,0,"BG","Mid-American","Bowling Green State",15,26
"441",208,3,1,"TOL","Mid-American","Toledo",27,26
"442",209,3,0,"NICHST","FCS","Nicholls State",16,26
"443",209,3,1,"TULSA","Conference USA","Tulsa",66,26
"444",210,3,0,"HOU","Conference USA","Houston",6,26
"445",210,3,1,"UCLA","Pac-12","UCLA",37,22
"446",211,3,0,"BYU","Independent","Brigham Young",21,25
"447",211,3,1,"UTAH","Pac-12","Utah",24,26
"448",212,3,0,"PRESB","FCS","Presbyterian",0,26
"449",212,3,1,"VAN","Southeastern","Vanderbilt",58,26
"450",213,3,0,"PORTST","FCS","Portland State",13,26
"451",213,3,1,"WASH","Pac-12","Washington",52,26
"452",214,3,0,"JAMES","FCS","James Madison",12,26
"453",214,3,1,"WV","Big 12","West Virginia",42,9
"454",215,3,0,"UK","Southeastern","Kentucky",31,26
"455",215,3,1,"WKU","Sun Belt","Western Kentucky",32,26
"456",216,3,0,"UTST","Western Athletic","Utah State",14,26
"457",216,3,1,"WIS","Big Ten","Wisconsin",16,26
"458",217,4,0,"BUF","Mid-American","Buffalo",7,26
"459",217,4,1,"KENT","Mid-American","Kent State",23,26
"460",218,4,0,"BYU","Independent","Brigham Young",6,26
"461",218,4,1,"BST","Mountain West","Boise State",7,24
"462",219,4,0,"LA-M","Sun Belt","Louisiana-Monroe",42,26
"463",219,4,1,"BAY","Big 12","Baylor",47,26
"464",220,4,0,"FAU","Sun Belt","Florida Atlantic",7,26
"465",220,4,1,"BAMA","Southeastern","Alabama",40,1
"466",221,4,0,"UTAH","Pac-12","Utah",7,26
"467",221,4,1,"ASU","Pac-12","Arizona State",37,26
"468",222,4,0,"ALCORN","FCS","Alcorn State",0,26
"469",222,4,1,"ARKST","Sun Belt","Arkansas State",56,26
"470",223,4,0,"SFU","Big East","South Florida",27,26
"471",223,4,1,"BALL","Mid-American","Ball State",31,26
"472",224,4,0,"IOWA","Big Ten","Iowa",31,26
"473",224,4,1,"CMU","Mid-American","Central Michigan",32,26
"474",225,4,0,"WSU","Pac-12","Washington State",34,26
"475",225,4,1,"COL","Pac-12","Colorado",35,26
"476",226,4,0,"MEM","Conference USA","Memphis",14,26
"477",226,4,1,"DUKE","Atlantic Coast","Duke",38,26
"478",227,4,0,"UK","Southeastern","Kentucky",0,26
"479",227,4,1,"UF","Southeastern","Florida",38,14
"480",228,4,0,"CLEM","Atlantic Coast","Clemson",37,10
"481",228,4,1,"FSU","Atlantic Coast","Florida State",49,4
"482",229,4,0,"VAN","Southeastern","Vanderbilt",3,26
"483",229,4,1,"UGA","Southeastern","Georgia",48,5
"484",230,4,0,"OU","Big 12","Oklahoma",19,6
"485",230,4,1,"KSU","Big 12","Kansas State",24,15
"486",231,4,0,"AUB","Southeastern","Auburn",10,26
"487",231,4,1,"LSU","Southeastern","Louisiana State",12,2
"488",232,4,0,"IL","Big Ten","Illinois",24,26
"489",232,4,1,"LTU","Western Athletic","Louisiana Tech",52,26
"490",233,4,0,"FIU","Sun Belt","Florida International",21,26
"491",233,4,1,"LOU","Big East","Louisville",28,20
"492",234,4,0,"RICE","Conference USA","Rice",51,26
"493",234,4,1,"MAR ","Conference USA","Marshall",54,26
"494",235,4,0,"GT","Atlantic Coast","Georgia Tech",36,26
"495",235,4,1,"MIA","Atlantic Coast","Miami FL",42,26
"496",236,4,0,"UMASS","Mid-American","Massachusetts",16,26
"497",236,4,1,"MIA-O","Mid-American","Miami OH",27,26
"498",237,4,0,"EMU","Mid-American","Eastern Michigan",7,26
"499",237,4,1,"MSU","Big Ten","Michigan State",23,21
"500",238,4,0,"SYR","Big East","Syracuse",10,26
"501",238,4,1,"MINN","Big Ten","Minnesota",17,26
"502",239,4,0,"TULA","Conference USA","Tulane",0,26
"503",239,4,1,"OLE","Southeastern","Mississippi",39,26
"504",240,4,0,"SOBAMA","Sun Belt","South Alabama",10,26
"505",240,4,1,"MISS ST","Southeastern","Mississippi State",30,23
"506",241,4,0,"VMI","FCS","Virginia Military Institute",3,26
"507",241,4,1,"NAVY","Independent","Navy",41,26
"508",242,4,0,"IDST","FCS","Idaho State",7,26
"509",242,4,1,"NEB","Big Ten","Nebraska",73,25
"510",243,4,0,"HAW","Mountain West","Hawaii",24,26
"511",243,4,1,"NEV","Mountain West","Nevada",69,26
"512",244,4,0,"AF","Mountain West","Air Force",35,26
"513",244,4,1,"UNLV","Mountain West","Nevada-Las Vegas",38,26
"514",245,4,0,"NMSU","Western Athletic","New Mexico State",14,26
"515",245,4,1,"NM","Mountain West","New Mexico",27,26
"516",246,4,0,"ECU","Conference USA","East Carolina",6,26
"517",246,4,1,"UNC","Atlantic Coast","North Carolina",27,26
"518",247,4,0,"CIT","FCS","Citadel",14,26
"519",247,4,1,"NCST","Atlantic Coast","North Carolina State",52,26
"520",248,4,0,"KU","Big 12","Kansas",23,26
"521",248,4,1,"NIU","Mid-American","Northern Illinois",30,26
"522",249,4,0,"USD","FCS","South Dakota",7,26
"523",249,4,1,"NU","Big Ten","Northwestern",38,26
"524",250,4,0,"MICH","Big Ten","Michigan",6,18
"525",250,4,1,"ND","Independent","Notre Dame",13,11
"526",251,4,0,"NFLKST","FCS","Norfolk State",10,26
"527",251,4,1,"OHIO","Mid-American","Ohio",44,26
"528",252,4,0,"UAB","Conference USA","Alabama-Birmingham",15,26
"529",252,4,1,"OSU","Big Ten","Ohio State",29,16
"530",253,4,0,"ARI","Pac-12","Arizona",0,22
"531",253,4,1,"ORE","Pac-12","Oregon",49,3
"532",254,4,0,"UCLA","Pac-12","UCLA",20,19
"533",254,4,1,"ORST","Pac-12","Oregon State",27,26
"534",255,4,0,"TEM","Big East","Temple",13,26
"535",255,4,1,"PENN","Big Ten","Penn State",24,26
"536",256,4,0,"GARDWB","FCS","Gardner-Webb",10,26
"537",256,4,1,"PITT","Big East","Pittsburgh",55,26
"538",257,4,0,"ARK","Southeastern","Arkansas",26,26
"539",257,4,1,"RUT","Big East","Rutgers",35,26
"540",258,4,0,"SDSU","Mountain West","San Diego State",34,26
"541",258,4,1,"SJSU","Western Athletic","San Jose State",38,26
"542",259,4,0,"MIZZ","Southeastern","Missouri",10,26
"543",259,4,1,"SC","Southeastern","South Carolina",31,7
"544",260,4,0,"CAL","Pac-12","California",9,26
"545",260,4,1,"USC","Pac-12","Southern California",27,13
"546",261,4,0,"AKRON","Mid-American","Akron",26,26
"547",261,4,1,"TEN","Southeastern","Tennessee",47,26
"548",262,4,0,"SCST","FCS","South Carolina State",14,26
"549",262,4,1,"TAMU","Southeastern","Texas A&M",70,26
"550",263,4,0,"UVA","Atlantic Coast","Virginia",7,26
"551",263,4,1,"TCU","Big 12","Texas Christian",27,17
"552",264,4,0,"SFAUST","FCS","Stephen F. Austin",37,26
"553",264,4,1,"TEXST","Western Athletic","Texas State",41,26
"554",265,4,0,"NWOKST","Division II","Northwestern Oklahoma State",3,26
"555",265,4,1,"UTSA","Western Athletic","Texas-San Antonio",56,26
"556",266,4,0,"CC","FCS","Coastal Carolina",28,26
"557",266,4,1,"TOL","Mid-American","Toledo",38,26
"558",267,4,0,"NTEX","Sun Belt","North Texas",7,26
"559",267,4,1,"TROY","Sun Belt","Troy",14,26
"560",268,4,0,"FRES","Mountain West","Fresno State",26,26
"561",268,4,1,"TULSA","Conference USA","Tulsa",27,26
"562",269,4,0,"COLS","Mountain West","Colorado State",19,26
"563",269,4,1,"UTST","Western Athletic","Utah State",31,26
"564",270,4,0,"BG","Mid-American","Bowling Green State",0,26
"565",270,4,1,"VT","Atlantic Coast","Virginia Tech",37,26
"566",271,4,0,"ARMY","Independent","Army",37,26
"567",271,4,1,"WAKE","Atlantic Coast","Wake Forest",49,26
"568",272,4,0,"MARY","Atlantic Coast","Maryland",21,26
"569",272,4,1,"WV","Big 12","West Virginia",31,8
"570",273,4,0,"SO MISS","Conference USA","Southern Mississippi",17,26
"571",273,4,1,"WKU","Sun Belt","Western Kentucky",42,26
"572",274,4,0,"UCONN","Big East","Connecticut",24,26
"573",274,4,1,"WMU","Mid-American","Western Michigan",30,26
"574",275,4,0,"UT-EP","Conference USA","Texas-El Paso",26,26
"575",275,4,1,"WIS","Big Ten","Wisconsin",37,26
"576",276,4,0,"ID","Western Athletic","Idaho",37,26
"577",276,4,1,"WYO","Mountain West","Wyoming",40,26
"578",277,5,0,"STAN","Pac-12","Stanford",13,8
"579",277,5,1,"WASH","Pac-12","Washington",17,26
"580",278,5,0,"HAW","Mountain West","Hawaii",0,26
"581",278,5,1,"BYU","Independent","Brigham Young",47,26
"582",279,5,0,"COLS","Mountain West","Colorado State",21,26
"583",279,5,1,"AF","Mountain West","Air Force",42,26
"584",280,5,0,"OLE","Southeastern","Mississippi",14,26
"585",280,5,1,"BAMA","Southeastern","Alabama",33,1
"586",281,5,0,"CAL","Pac-12","California",17,26
"587",281,5,1,"ASU","Pac-12","Arizona State",27,26
"588",282,5,0,"NM","Mountain West","New Mexico",29,26
"589",282,5,1,"BST","Mountain West","Boise State",32,24
"590",283,5,0,"RI","FCS","Rhode Island",8,26
"591",283,5,1,"BG","Mid-American","Bowling Green State",48,26
"592",284,5,0,"VT","Atlantic Coast","Virginia Tech",24,26
"593",284,5,1,"CIN","Big East","Cincinnati",27,26
"594",285,5,0,"BC","Atlantic Coast","Boston College",31,26
"595",285,5,1,"CLEM","Atlantic Coast","Clemson",45,17
"596",286,5,0,"BUF","Mid-American","Buffalo",17,26
"597",286,5,1,"UCONN","Big East","Connecticut",24,26
"598",287,5,0,"WAKE","Atlantic Coast","Wake Forest",27,26
"599",287,5,1,"DUKE","Atlantic Coast","Duke",34,26
"600",288,5,0,"UT-EP","Conference USA","Texas-El Paso",18,26
"601",288,5,1,"ECU","Conference USA","East Carolina",28,26
"602",289,5,0,"SFU","Big East","South Florida",17,26
"603",289,5,1,"FSU","Atlantic Coast","Florida State",30,4
"604",290,5,0,"SDSU","Mountain West","San Diego State",40,26
"605",290,5,1,"FRES","Mountain West","Fresno State",52,26
"606",291,5,0,"TEN","Southeastern","Tennessee",44,26
"607",291,5,1,"UGA","Southeastern","Georgia",51,5
"608",292,5,0,"RICE","Conference USA","Rice",14,26
"609",292,5,1,"HOU","Conference USA","Houston",35,26
"610",293,5,0,"MINN","Big Ten","Minnesota",13,26
"611",293,5,1,"IOWA","Big Ten","Iowa",31,26
"612",294,5,0,"BALL","Mid-American","Ball State",43,26
"613",294,5,1,"KENT","Mid-American","Kent State",45,26
"614",295,5,0,"TOW","FCS","Towson",22,26
"615",295,5,1,"LSU","Southeastern","Louisiana State",38,3
"616",296,5,0,"UVA","Atlantic Coast","Virginia",38,26
"617",296,5,1,"LTU","Western Athletic","Louisiana Tech",44,26
"618",297,5,0,"FIU","Sun Belt","Florida International",20,26
"619",297,5,1,"LA-L","Sun Belt","Louisiana-Lafayette",48,26
"620",298,5,0,"TULA","Conference USA","Tulane",10,26
"621",298,5,1,"LA-M","Sun Belt","Louisiana-Monroe",63,26
"622",299,5,0,"SO MISS","Conference USA","Southern Mississippi",17,26
"623",299,5,1,"LOU","Big East","Louisville",21,19
"624",300,5,0,"NCST","Atlantic Coast","North Carolina State",37,26
"625",300,5,1,"MIA","Atlantic Coast","Miami FL",44,26
"626",301,5,0,"AKRON","Mid-American","Akron",49,26
"627",301,5,1,"MIA-O","Mid-American","Miami OH",56,26
"628",302,5,0,"GT","Atlantic Coast","Georgia Tech",28,26
"629",302,5,1,"MTSU","Sun Belt","Middle Tennessee State",49,26
"630",303,5,0,"UCF","Conference USA","Central Florida",16,26
"631",303,5,1,"MIZZ","Southeastern","Missouri",21,26
"632",304,5,0,"WIS","Big Ten","Wisconsin",27,26
"633",304,5,1,"NEB","Big Ten","Nebraska",30,22
"634",305,5,0,"TEXST","Western Athletic","Texas State",21,26
"635",305,5,1,"NEV","Mountain West","Nevada",34,26
"636",306,5,0,"ID","Western Athletic","Idaho",0,26
"637",306,5,1,"UNC","Atlantic Coast","North Carolina",66,26
"638",307,5,0,"FAU","Sun Belt","Florida Atlantic",14,26
"639",307,5,1,"NTEX","Sun Belt","North Texas",20,26
"640",308,5,0,"CMU","Mid-American","Central Michigan",24,26
"641",308,5,1,"NIU","Mid-American","Northern Illinois",55,26
"642",309,5,0,"IND","Big Ten","Indiana",29,26
"643",309,5,1,"NU","Big Ten","Northwestern",44,26
"644",310,5,0,"UMASS","Mid-American","Massachusetts",34,26
"645",310,5,1,"OHIO","Mid-American","Ohio",37,26
"646",311,5,0,"MSU","Big Ten","Michigan State",16,20
"647",311,5,1,"OSU","Big Ten","Ohio State",17,14
"648",312,5,0,"WSU","Pac-12","Washington State",26,26
"649",312,5,1,"ORE","Pac-12","Oregon",51,2
"650",313,5,0,"ARI","Pac-12","Arizona",35,26
"651",313,5,1,"ORST","Pac-12","Oregon State",38,18
"652",314,5,0,"IL","Big Ten","Illinois",7,26
"653",314,5,1,"PENN","Big Ten","Penn State",35,26
"654",315,5,0,"MAR ","Conference USA","Marshall",41,26
"655",315,5,1,"PUR","Big Ten","Purdue",51,26
"656",316,5,0,"NAVY","Independent","Navy",0,26
"657",316,5,1,"SJSU","Western Athletic","San Jose State",12,26
"658",317,5,0,"UK","Southeastern","Kentucky",17,26
"659",317,5,1,"SC","Southeastern","South Carolina",38,6
"660",318,5,0,"ARMY","Independent","Army",3,26
"661",318,5,1,"STBRK","FCS","Stony Brook",23,26
"662",319,5,0,"OKST","Big 12","Oklahoma State",36,26
"663",319,5,1,"TEX","Big 12","Texas",41,12
"664",320,5,0,"ARK","Southeastern","Arkansas",10,26
"665",320,5,1,"TAMU","Southeastern","Texas A&M",58,26
"666",321,5,0,"SMU","Conference USA","Southern Methodist",16,26
"667",321,5,1,"TCU","Big 12","Texas Christian",24,15
"668",322,5,0,"ISU","Big 12","Iowa State",13,26
"669",322,5,1,"TTU","Big 12","Texas Tech",24,26
"670",323,5,0,"NMSU","Western Athletic","New Mexico State",14,26
"671",323,5,1,"UTSA","Western Athletic","Texas-San Antonio",35,26
"672",324,5,0,"WMU","Mid-American","Western Michigan",17,26
"673",324,5,1,"TOL","Mid-American","Toledo",37,26
"674",325,5,0,"SOBAMA","Sun Belt","South Alabama",10,26
"675",325,5,1,"TROY","Sun Belt","Troy",31,26
"676",326,5,0,"UAB","Conference USA","Alabama-Birmingham",42,26
"677",326,5,1,"TULSA","Conference USA","Tulsa",49,26
"678",327,5,0,"COL","Pac-12","Colorado",14,26
"679",327,5,1,"UCLA","Pac-12","UCLA",42,26
"680",328,5,0,"UNLV","Mountain West","Nevada-Las Vegas",13,26
"681",328,5,1,"UTST","Western Athletic","Utah State",35,26
"682",329,5,0,"BAY","Big 12","Baylor",63,25
"683",329,5,1,"WV","Big 12","West Virginia",70,9
"684",330,5,0,"ARKST","Sun Belt","Arkansas State",13,26
"685",330,5,1,"WKU","Sun Belt","Western Kentucky",26,26
"686",331,6,0,"FIU","Sun Belt","Florida International",20,26
"687",331,6,1,"ARKST","Sun Belt","Arkansas State",34,26
"688",332,6,0,"ECU","Conference USA","East Carolina",20,26
"689",332,6,1,"UCF","Conference USA","Central Florida",40,26
"690",333,6,0,"UTAH","Pac-12","Utah",28,26
"691",333,6,1,"USC","Pac-12","Southern California",38,13
"692",334,6,0,"UTST","Western Athletic","Utah State",3,26
"693",334,6,1,"BYU","Independent","Brigham Young",6,26
"694",335,6,0,"PITT","Big East","Pittsburgh",13,26
"695",335,6,1,"SYR","Big East","Syracuse",14,26
"696",336,6,0,"SE LOU","FCS","Southeastern Louisiana",3,26
"697",336,6,1,"UAB","Conference USA","Alabama-Birmingham",52,26
"698",337,6,0,"AUB","Southeastern","Auburn",7,26
"699",337,6,1,"ARK","Southeastern","Arkansas",24,26
"700",338,6,0,"BC","Atlantic Coast","Boston College",31,26
"701",338,6,1,"ARMY","Independent","Army",34,26
"702",339,6,0,"SO MISS","Conference USA","Southern Mississippi",14,26
"703",339,6,1,"BST","Mountain West","Boise State",40,26
"704",340,6,0,"AKRON","Mid-American","Akron",10,26
"705",340,6,1,"BG","Mid-American","Bowling Green State",24,26
"706",341,6,0,"UCLA","Pac-12","UCLA",17,25
"707",341,6,1,"CAL","Pac-12","California",43,26
"708",342,6,0,"MIA-O","Mid-American","Miami OH",14,26
"709",342,6,1,"CIN","Big East","Cincinnati",52,26
"710",343,6,0,"GT","Atlantic Coast","Georgia Tech",31,26
"711",343,6,1,"CLEM","Atlantic Coast","Clemson",47,15
"712",344,6,0,"UVA","Atlantic Coast","Virginia",17,26
"713",344,6,1,"DUKE","Atlantic Coast","Duke",42,26
"714",345,6,0,"LSU","Southeastern","Louisiana State",6,4
"715",345,6,1,"UF","Southeastern","Florida",14,10
"716",346,6,0,"COLS","Mountain West","Colorado State",7,26
"717",346,6,1,"FRES","Mountain West","Fresno State",28,26
"718",347,6,0,"NTEX","Sun Belt","North Texas",21,26
"719",347,6,1,"HOU","Conference USA","Houston",44,26
"720",348,6,0,"NMSU","Western Athletic","New Mexico State",18,26
"721",348,6,1,"ID","Western Athletic","Idaho",26,26
"722",349,6,0,"TCU","Big 12","Texas Christian",23,15
"723",349,6,1,"ISU","Big 12","Iowa State",37,26
"724",350,6,0,"KU","Big 12","Kansas",16,26
"725",350,6,1,"KSU","Big 12","Kansas State",56,7
"726",351,6,0,"EMU","Mid-American","Eastern Michigan",14,26
"727",351,6,1,"KENT","Mid-American","Kent State",41,26
"728",352,6,0,"UNLV","Mountain West","Nevada-Las Vegas",31,26
"729",352,6,1,"LTU","Western Athletic","Louisiana Tech",58,26
"730",353,6,0,"TULA","Conference USA","Tulane",13,26
"731",353,6,1,"LA-L","Sun Belt","Louisiana-Lafayette",41,26
"732",354,6,0,"MTSU","Sun Belt","Middle Tennessee State",17,26
"733",354,6,1,"LA-M","Sun Belt","Louisiana-Monroe",31,26
"734",355,6,0,"WAKE","Atlantic Coast","Wake Forest",14,26
"735",355,6,1,"MARY","Atlantic Coast","Maryland",19,26
"736",356,6,0,"RICE","Conference USA","Rice",10,26
"737",356,6,1,"MEM","Conference USA","Memphis",14,26
"738",357,6,0,"PUR","Big Ten","Purdue",13,26
"739",357,6,1,"MICH","Big Ten","Michigan",44,26
"740",358,6,0,"IND","Big Ten","Indiana",27,26
"741",358,6,1,"MSU","Big Ten","Michigan State",31,26
"742",359,6,0,"UK","Southeastern","Kentucky",14,26
"743",359,6,1,"MISS ST","Southeastern","Mississippi State",27,20
"744",360,6,0,"AF","Mountain West","Air Force",21,26
"745",360,6,1,"NAVY","Independent","Navy",28,26
"746",361,6,0,"WYO","Mountain West","Wyoming",28,26
"747",361,6,1,"NEV","Mountain West","Nevada",35,26
"748",362,6,0,"TEXST","Western Athletic","Texas State",14,26
"749",362,6,1,"NM","Mountain West","New Mexico",35,26
"750",363,6,0,"VT","Atlantic Coast","Virginia Tech",34,26
"751",363,6,1,"UNC","Atlantic Coast","North Carolina",48,26
"752",364,6,0,"FSU","Atlantic Coast","Florida State",16,3
"753",364,6,1,"NCST","Atlantic Coast","North Carolina State",17,26
"754",365,6,0,"BALL","Mid-American","Ball State",23,26
"755",365,6,1,"NIU","Mid-American","Northern Illinois",35,26
"756",366,6,0,"MIA","Atlantic Coast","Miami FL",3,26
"757",366,6,1,"ND","Independent","Notre Dame",41,9
"758",367,6,0,"BUF","Mid-American","Buffalo",31,26
"759",367,6,1,"OHIO","Mid-American","Ohio",38,26
"760",368,6,0,"NEB","Big Ten","Nebraska",38,21
"761",368,6,1,"OSU","Big Ten","Ohio State",63,12
"762",369,6,0,"TTU","Big 12","Texas Tech",20,26
"763",369,6,1,"OU","Big 12","Oklahoma",41,17
"764",370,6,0,"WASH","Pac-12","Washington",21,23
"765",370,6,1,"ORE","Pac-12","Oregon",52,2
"766",371,6,0,"WSU","Pac-12","Washington State",6,26
"767",371,6,1,"ORST","Pac-12","Oregon State",19,14
"768",372,6,0,"NU","Big Ten","Northwestern",28,24
"769",372,6,1,"PENN","Big Ten","Penn State",39,26
"770",373,6,0,"UCONN","Big East","Connecticut",3,26
"771",373,6,1,"RUT","Big East","Rutgers",19,22
"772",374,6,0,"HAW","Mountain West","Hawaii",14,26
"773",374,6,1,"SDSU","Mountain West","San Diego State",52,26
"774",375,6,0,"UGA","Southeastern","Georgia",7,5
"775",375,6,1,"SC","Southeastern","South Carolina",35,6
"776",376,6,0,"UT-EP","Conference USA","Texas-El Paso",0,26
"777",376,6,1,"SMU","Conference USA","Southern Methodist",17,26
"778",377,6,0,"ARI","Pac-12","Arizona",48,26
"779",377,6,1,"STAN","Pac-12","Stanford",54,18
"780",378,6,0,"SFU","Big East","South Florida",28,26
"781",378,6,1,"TEM","Big East","Temple",37,26
"782",379,6,0,"OLE","Southeastern","Mississippi",27,26
"783",379,6,1,"TAMU","Southeastern","Texas A&M",30,26
"784",380,6,0,"CMU","Mid-American","Central Michigan",35,26
"785",380,6,1,"TOL","Mid-American","Toledo",50,26
"786",381,6,0,"MAR ","Conference USA","Marshall",38,26
"787",381,6,1,"TULSA","Conference USA","Tulsa",45,26
"788",382,6,0,"MIZZ","Southeastern","Missouri",15,26
"789",382,6,1,"VAN","Southeastern","Vanderbilt",19,26
"790",383,6,0,"TEX","Big 12","Texas",45,11
"791",383,6,1,"WV","Big 12","West Virginia",48,8
"792",384,6,0,"UMASS","Mid-American","Massachusetts",14,26
"793",384,6,1,"WMU","Mid-American","Western Michigan",52,26
"794",385,6,0,"IL","Big Ten","Illinois",14,26
"795",385,6,1,"WIS","Big Ten","Wisconsin",31,26
"796",386,7,0,"COL","Pac-12","Colorado",17,26
"797",386,7,1,"ASU","Pac-12","Arizona State",51,26
"798",387,7,0,"UT-EP","Conference USA","Texas-El Paso",11,26
"799",387,7,1,"TULSA","Conference USA","Tulsa",33,26
"800",388,7,0,"TROY","Sun Belt","Troy",26,26
"801",388,7,1,"WKU","Sun Belt","Western Kentucky",31,26
"802",389,7,0,"CMU","Mid-American","Central Michigan",13,26
"803",389,7,1,"NAVY","Independent","Navy",31,26
"804",390,7,0,"WYO","Mountain West","Wyoming",27,26
"805",390,7,1,"AF","Mountain West","Air Force",28,26
"806",391,7,0,"MIZZ","Southeastern","Missouri",10,26
"807",391,7,1,"BAMA","Southeastern","Alabama",42,1
"808",392,7,0,"UK","Southeastern","Kentucky",7,26
"809",392,7,1,"ARK","Southeastern","Arkansas",49,26
"810",393,7,0,"SOBAMA","Sun Belt","South Alabama",29,26
"811",393,7,1,"ARKST","Sun Belt","Arkansas State",36,26
"812",394,7,0,"WMU","Mid-American","Western Michigan",24,26
"813",394,7,1,"BALL","Mid-American","Ball State",30,26
"814",395,7,0,"FRES","Mountain West","Fresno State",10,26
"815",395,7,1,"BST","Mountain West","Boise State",20,24
"816",396,7,0,"MIA-O","Mid-American","Miami OH",12,26
"817",396,7,1,"BG","Mid-American","Bowling Green State",37,26
"818",397,7,0,"WSU","Pac-12","Washington State",17,26
"819",397,7,1,"CAL","Pac-12","California",31,26
"820",398,7,0,"SO MISS","Conference USA","Southern Mississippi",31,26
"821",398,7,1,"UCF","Conference USA","Central Florida",38,26
"822",399,7,0,"FORD","FCS","Fordham",17,26
"823",399,7,1,"CIN","Big East","Cincinnati",49,21
"824",400,7,0,"MEM","Conference USA","Memphis",7,26
"825",400,7,1,"ECU","Conference USA","East Carolina",41,26
"826",401,7,0,"VAN","Southeastern","Vanderbilt",17,26
"827",401,7,1,"UF","Southeastern","Florida",31,4
"828",402,7,0,"BC","Atlantic Coast","Boston College",7,26
"829",402,7,1,"FSU","Atlantic Coast","Florida State",51,12
"830",403,7,0,"UAB","Conference USA","Alabama-Birmingham",17,26
"831",403,7,1,"HOU","Conference USA","Houston",39,26
"832",404,7,0,"MSU","Big Ten","Michigan State",16,26
"833",404,7,1,"IOWA","Big Ten","Iowa",19,26
"834",405,7,0,"ISU","Big 12","Iowa State",21,26
"835",405,7,1,"KSU","Big 12","Kansas State",27,6
"836",406,7,0,"ARMY","Independent","Army",17,26
"837",406,7,1,"KENT","Mid-American","Kent State",31,26
"838",407,7,0,"SC","Southeastern","South Carolina",21,3
"839",407,7,1,"LSU","Southeastern","Louisiana State",23,9
"840",408,7,0,"FAU","Sun Belt","Florida Atlantic",14,26
"841",408,7,1,"LA-M","Sun Belt","Louisiana-Monroe",35,26
"842",409,7,0,"PITT","Big East","Pittsburgh",35,26
"843",409,7,1,"LOU","Big East","Louisville",45,18
"844",410,7,0,"UVA","Atlantic Coast","Virginia",20,26
"845",410,7,1,"MARY","Atlantic Coast","Maryland",27,26
"846",411,7,0,"IL","Big Ten","Illinois",0,26
"847",411,7,1,"MICH","Big Ten","Michigan",45,25
"848",412,7,0,"FIU","Sun Belt","Florida International",30,26
"849",412,7,1,"MTSU","Sun Belt","Middle Tennessee State",34,26
"850",413,7,0,"AUB","Southeastern","Auburn",20,26
"851",413,7,1,"OLE","Southeastern","Mississippi",41,26
"852",414,7,0,"TEN","Southeastern","Tennessee",31,26
"853",414,7,1,"MISS ST","Southeastern","Mississippi State",41,19
"854",415,7,0,"UNLV","Mountain West","Nevada-Las Vegas",37,26
"855",415,7,1,"NEV","Mountain West","Nevada",42,26
"856",416,7,0,"HAW","Mountain West","Hawaii",23,26
"857",416,7,1,"NM","Mountain West","New Mexico",35,26
"858",417,7,0,"MIA","Atlantic Coast","Miami FL",14,26
"859",417,7,1,"UNC","Atlantic Coast","North Carolina",18,26
"860",418,7,0,"BUF","Mid-American","Buffalo",3,26
"861",418,7,1,"NIU","Mid-American","Northern Illinois",45,26
"862",419,7,0,"MINN","Big Ten","Minnesota",13,26
"863",419,7,1,"NU","Big Ten","Northwestern",21,26
"864",420,7,0,"STAN","Pac-12","Stanford",13,17
"865",420,7,1,"ND","Independent","Notre Dame",20,7
"866",421,7,0,"AKRON","Mid-American","Akron",28,26
"867",421,7,1,"OHIO","Mid-American","Ohio",34,26
"868",422,7,0,"IND","Big Ten","Indiana",49,26
"869",422,7,1,"OSU","Big Ten","Ohio State",52,8
"870",423,7,0,"TEX","Big 12","Texas",21,15
"871",423,7,1,"OU","Big 12","Oklahoma",63,13
"872",424,7,0,"KU","Big 12","Kansas",14,26
"873",424,7,1,"OKST","Big 12","Oklahoma State",20,26
"874",425,7,0,"BYU","Independent","Brigham Young",24,26
"875",425,7,1,"ORST","Pac-12","Oregon State",42,10
"876",426,7,0,"UTSA","Western Athletic","Texas-San Antonio",14,26
"877",426,7,1,"RICE","Conference USA","Rice",34,26
"878",427,7,0,"SYR","Big East","Syracuse",15,26
"879",427,7,1,"RUT","Big East","Rutgers",23,20
"880",428,7,0,"COLS","Mountain West","Colorado State",14,26
"881",428,7,1,"SDSU","Mountain West","San Diego State",38,26
"882",429,7,0,"WASH","Pac-12","Washington",14,26
"883",429,7,1,"USC","Pac-12","Southern California",24,11
"884",430,7,0,"UCONN","Big East","Connecticut",14,26
"885",430,7,1,"TEM","Big East","Temple",17,26
"886",431,7,0,"LTU","Western Athletic","Louisiana Tech",57,23
"887",431,7,1,"TAMU","Southeastern","Texas A&M",59,22
"888",432,7,0,"BAY","Big 12","Baylor",21,26
"889",432,7,1,"TCU","Big 12","Texas Christian",49,26
"890",433,7,0,"ID","Western Athletic","Idaho",7,26
"891",433,7,1,"TEXST","Western Athletic","Texas State",38,26
"892",434,7,0,"WV","Big 12","West Virginia",14,5
"893",434,7,1,"TTU","Big 12","Texas Tech",49,26
"894",435,7,0,"EMU","Mid-American","Eastern Michigan",47,26
"895",435,7,1,"TOL","Mid-American","Toledo",52,26
"896",436,7,0,"SMU","Conference USA","Southern Methodist",26,26
"897",436,7,1,"TULA","Conference USA","Tulane",27,26
"898",437,7,0,"UTAH","Pac-12","Utah",14,26
"899",437,7,1,"UCLA","Pac-12","UCLA",21,26
"900",438,7,0,"SJSU","Western Athletic","San Jose State",27,26
"901",438,7,1,"UTST","Western Athletic","Utah State",49,26
"902",439,7,0,"DUKE","Atlantic Coast","Duke",20,26
"903",439,7,1,"VT","Atlantic Coast","Virginia Tech",41,26
"904",440,7,0,"PUR","Big Ten","Purdue",14,26
"905",440,7,1,"WIS","Big Ten","Wisconsin",38,26
"906",441,8,0,"LA-L","Sun Belt","Louisiana-Lafayette",23,26
"907",441,8,1,"NTEX","Sun Belt","North Texas",30,26
"908",442,8,0,"ASU","Pac-12","Arizona State",21,26
"909",442,8,1,"ORE","Pac-12","Oregon",43,2
"910",443,8,0,"HOU","Conference USA","Houston",42,26
"911",443,8,1,"SMU","Conference USA","Southern Methodist",72,26
"912",444,8,0,"UCONN","Big East","Connecticut",10,26
"913",444,8,1,"SYR","Big East","Syracuse",40,26
"914",445,8,0,"NM","Mountain West","New Mexico",23,26
"915",445,8,1,"AF","Mountain West","Air Force",28,26
"916",446,8,0,"TEN","Southeastern","Tennessee",13,26
"917",446,8,1,"BAMA","Southeastern","Alabama",44,1
"918",447,8,0,"WASH","Pac-12","Washington",17,26
"919",447,8,1,"ARI","Pac-12","Arizona",52,26
"920",448,8,0,"CMU","Mid-American","Central Michigan",30,26
"921",448,8,1,"BALL","Mid-American","Ball State",41,26
"922",449,8,0,"UNLV","Mountain West","Nevada-Las Vegas",7,26
"923",449,8,1,"BST","Mountain West","Boise State",32,24
"924",450,8,0,"UMASS","Mid-American","Massachusetts",0,26
"925",450,8,1,"BG","Mid-American","Bowling Green State",24,26
"926",451,8,0,"MEM","Conference USA","Memphis",17,26
"927",451,8,1,"UCF","Conference USA","Central Florida",35,26
"928",452,8,0,"VT","Atlantic Coast","Virginia Tech",17,26
"929",452,8,1,"CLEM","Atlantic Coast","Clemson",38,14
"930",453,8,0,"UNC","Atlantic Coast","North Carolina",30,26
"931",453,8,1,"DUKE","Atlantic Coast","Duke",33,26
"932",454,8,0,"UAB","Conference USA","Alabama-Birmingham",35,26
"933",454,8,1,"ECU","Conference USA","East Carolina",42,26
"934",455,8,0,"ARMY","Independent","Army",38,26
"935",455,8,1,"EMU","Mid-American","Eastern Michigan",48,26
"936",456,8,0,"SC","Southeastern","South Carolina",11,9
"937",456,8,1,"UF","Southeastern","Florida",44,3
"938",457,8,0,"MIA","Atlantic Coast","Miami FL",20,26
"939",457,8,1,"FSU","Atlantic Coast","Florida State",33,12
"940",458,8,0,"WYO","Mountain West","Wyoming",14,26
"941",458,8,1,"FRES","Mountain West","Fresno State",42,26
"942",459,8,0,"UK","Southeastern","Kentucky",24,26
"943",459,8,1,"UGA","Southeastern","Georgia",29,13
"944",460,8,0,"BC","Atlantic Coast","Boston College",17,26
"945",460,8,1,"GT","Atlantic Coast","Georgia Tech",37,26
"946",461,8,0,"WV","Big 12","West Virginia",14,17
"947",461,8,1,"KSU","Big 12","Kansas State",55,4
"948",462,8,0,"WMU","Mid-American","Western Michigan",24,26
"949",462,8,1,"KENT","Mid-American","Kent State",41,26
"950",463,8,0,"TAMU","Southeastern","Texas A&M",19,20
"951",463,8,1,"LSU","Southeastern","Louisiana State",24,6
"952",464,8,0,"ID","Western Athletic","Idaho",28,26
"953",464,8,1,"LTU","Western Athletic","Louisiana Tech",70,26
"954",465,8,0,"WKU","Sun Belt","Western Kentucky",42,26
"955",465,8,1,"LA-M","Sun Belt","Louisiana-Monroe",43,26
"956",466,8,0,"SFU","Big East","South Florida",25,26
"957",466,8,1,"LOU","Big East","Louisville",27,16
"958",467,8,0,"SO MISS","Conference USA","Southern Mississippi",24,26
"959",467,8,1,"MAR ","Conference USA","Marshall",59,26
"960",468,8,0,"MSU","Big Ten","Michigan State",10,26
"961",468,8,1,"MICH","Big Ten","Michigan",12,23
"962",469,8,0,"MTSU","Sun Belt","Middle Tennessee State",3,26
"963",469,8,1,"MISS ST","Southeastern","Mississippi State",45,15
"964",470,8,0,"IND","Big Ten","Indiana",30,26
"965",470,8,1,"NAVY","Independent","Navy",31,26
"966",471,8,0,"NU","Big Ten","Northwestern",28,26
"967",471,8,1,"NEB","Big Ten","Nebraska",29,26
"968",472,8,0,"MARY","Atlantic Coast","Maryland",18,26
"969",472,8,1,"NCST","Atlantic Coast","North Carolina State",20,26
"970",473,8,0,"AKRON","Mid-American","Akron",7,26
"971",473,8,1,"NIU","Mid-American","Northern Illinois",37,26
"972",474,8,0,"BYU","Independent","Brigham Young",14,26
"973",474,8,1,"ND","Independent","Notre Dame",17,5
"974",475,8,0,"PUR","Big Ten","Purdue",22,26
"975",475,8,1,"OSU","Big Ten","Ohio State",29,7
"976",476,8,0,"KU","Big 12","Kansas",7,26
"977",476,8,1,"OU","Big 12","Oklahoma",52,10
"978",477,8,0,"ISU","Big 12","Iowa State",10,26
"979",477,8,1,"OKST","Big 12","Oklahoma State",31,26
"980",478,8,0,"UTAH","Pac-12","Utah",7,26
"981",478,8,1,"ORST","Pac-12","Oregon State",21,8
"982",479,8,0,"IOWA","Big Ten","Iowa",14,26
"983",479,8,1,"PENN","Big Ten","Penn State",38,26
"984",480,8,0,"BUF","Mid-American","Buffalo",6,26
"985",480,8,1,"PITT","Big East","Pittsburgh",20,26
"986",481,8,0,"TEM","Big East","Temple",10,26
"987",481,8,1,"RUT","Big East","Rutgers",35,19
"988",482,8,0,"NEV","Mountain West","Nevada",38,26
"989",482,8,1,"SDSU","Mountain West","San Diego State",39,26
"990",483,8,0,"UTSA","Western Athletic","Texas-San Antonio",24,26
"991",483,8,1,"SJSU","Western Athletic","San Jose State",52,26
"992",484,8,0,"FAU","Sun Belt","Florida Atlantic",34,26
"993",484,8,1,"SOBAMA","Sun Belt","South Alabama",37,26
"994",485,8,0,"COL","Pac-12","Colorado",6,26
"995",485,8,1,"USC","Pac-12","Southern California",50,11
"996",486,8,0,"CAL","Pac-12","California",3,26
"997",486,8,1,"STAN","Pac-12","Stanford",21,22
"998",487,8,0,"BAY","Big 12","Baylor",50,26
"999",487,8,1,"TEX","Big 12","Texas",56,26
"1000",488,8,0,"TCU","Big 12","Texas Christian",53,26
"1001",488,8,1,"TTU","Big 12","Texas Tech",56,18
"1002",489,8,0,"TULA","Conference USA","Tulane",20,26
"1003",489,8,1,"UT-EP","Conference USA","Texas-El Paso",24,26
"1004",490,8,0,"CIN","Big East","Cincinnati",23,21
"1005",490,8,1,"TOL","Mid-American","Toledo",29,26
"1006",491,8,0,"FIU","Sun Belt","Florida International",37,26
"1007",491,8,1,"TROY","Sun Belt","Troy",38,26
"1008",492,8,0,"RICE","Conference USA","Rice",24,26
"1009",492,8,1,"TULSA","Conference USA","Tulsa",28,26
"1010",493,8,0,"NMSU","Western Athletic","New Mexico State",7,26
"1011",493,8,1,"UTST","Western Athletic","Utah State",41,26
"1012",494,8,0,"AUB","Southeastern","Auburn",13,26
"1013",494,8,1,"VAN","Southeastern","Vanderbilt",17,26
"1014",495,8,0,"UVA","Atlantic Coast","Virginia",10,26
"1015",495,8,1,"WAKE","Atlantic Coast","Wake Forest",16,26
"1016",496,8,0,"MINN","Big Ten","Minnesota",13,26
"1017",496,8,1,"WIS","Big Ten","Wisconsin",38,26
"1018",497,9,0,"LA-L","Sun Belt","Louisiana-Lafayette",27,26
"1019",497,9,1,"ARKST","Sun Belt","Arkansas State",50,26
"1020",498,9,0,"WAKE","Atlantic Coast","Wake Forest",13,26
"1021",498,9,1,"CLEM","Atlantic Coast","Clemson",42,14
"1022",499,9,0,"NEV","Mountain West","Nevada",31,26
"1023",499,9,1,"AF","Mountain West","Air Force",48,26
"1024",500,9,0,"CIN","Big East","Cincinnati",31,26
"1025",500,9,1,"LOU","Big East","Louisville",34,16
"1026",501,9,0,"MISS ST","Southeastern","Mississippi State",7,13
"1027",501,9,1,"BAMA","Southeastern","Alabama",38,1
"1028",502,9,0,"USC","Pac-12","Southern California",36,10
"1029",502,9,1,"ARI","Pac-12","Arizona",39,26
"1030",503,9,0,"ARMY","Independent","Army",22,26
"1031",503,9,1,"BALL","Mid-American","Ball State",30,26
"1032",504,9,0,"WYO","Mountain West","Wyoming",14,26
"1033",504,9,1,"BST","Mountain West","Boise State",45,21
"1034",505,9,0,"MARY","Atlantic Coast","Maryland",17,26
"1035",505,9,1,"BC","Atlantic Coast","Boston College",20,26
"1036",506,9,0,"EMU","Mid-American","Eastern Michigan",3,26
"1037",506,9,1,"BG","Mid-American","Bowling Green State",24,26
"1038",507,9,0,"GT","Atlantic Coast","Georgia Tech",17,26
"1039",507,9,1,"BYU","Independent","Brigham Young",41,26
"1040",508,9,0,"MAR ","Conference USA","Marshall",17,26
"1041",508,9,1,"UCF","Conference USA","Central Florida",54,26
"1042",509,9,0,"AKRON","Mid-American","Akron",14,26
"1043",509,9,1,"CMU","Mid-American","Central Michigan",35,26
"1044",510,9,0,"HAW","Mountain West","Hawaii",27,26
"1045",510,9,1,"COLS","Mountain West","Colorado State",42,26
"1046",511,9,0,"TROY","Sun Belt","Troy",27,26
"1047",511,9,1,"FAU","Sun Belt","Florida Atlantic",34,26
"1048",512,9,0,"DUKE","Atlantic Coast","Duke",7,26
"1049",512,9,1,"FSU","Atlantic Coast","Florida State",48,11
"1050",513,9,0,"NM","Mountain West","New Mexico",32,26
"1051",513,9,1,"FRES","Mountain West","Fresno State",49,26
"1052",514,9,0,"UF","Southeastern","Florida",9,3
"1053",514,9,1,"UGA","Southeastern","Georgia",17,12
"1054",515,9,0,"UT-EP","Conference USA","Texas-El Paso",35,26
"1055",515,9,1,"HOU","Conference USA","Houston",45,26
"1056",516,9,0,"IL","Big Ten","Illinois",17,26
"1057",516,9,1,"IND","Big Ten","Indiana",31,26
"1058",517,9,0,"BAY","Big 12","Baylor",21,26
"1059",517,9,1,"ISU","Big 12","Iowa State",35,26
"1060",518,9,0,"TTU","Big 12","Texas Tech",24,15
"1061",518,9,1,"KSU","Big 12","Kansas State",55,4
"1062",519,9,0,"RUT","Big East","Rutgers",23,18
"1063",519,9,1,"KENT","Mid-American","Kent State",35,26
"1064",520,9,0,"NMSU","Western Athletic","New Mexico State",14,26
"1065",520,9,1,"LTU","Western Athletic","Louisiana Tech",28,24
"1066",521,9,0,"SOBAMA","Sun Belt","South Alabama",24,26
"1067",521,9,1,"LA-M","Sun Belt","Louisiana-Monroe",38,26
"1068",522,9,0,"OHIO","Mid-American","Ohio",20,23
"1069",522,9,1,"MIA-O","Mid-American","Miami OH",23,26
"1070",523,9,0,"WIS","Big Ten","Wisconsin",13,26
"1071",523,9,1,"MSU","Big Ten","Michigan State",16,26
"1072",524,9,0,"NTEX","Sun Belt","North Texas",21,26
"1073",524,9,1,"MTSU","Sun Belt","Middle Tennessee State",38,26
"1074",525,9,0,"PUR","Big Ten","Purdue",28,26
"1075",525,9,1,"MINN","Big Ten","Minnesota",44,26
"1076",526,9,0,"ARK","Southeastern","Arkansas",27,26
"1077",526,9,1,"OLE","Southeastern","Mississippi",30,26
"1078",527,9,0,"UK","Southeastern","Kentucky",10,26
"1079",527,9,1,"MIZZ","Southeastern","Missouri",33,26
"1080",528,9,0,"ECU","Conference USA","East Carolina",28,26
"1081",528,9,1,"NAVY","Independent","Navy",56,26
"1082",529,9,0,"MICH","Big Ten","Michigan",9,20
"1083",529,9,1,"NEB","Big Ten","Nebraska",23,26
"1084",530,9,0,"NCST","Atlantic Coast","North Carolina State",35,26
"1085",530,9,1,"UNC","Atlantic Coast","North Carolina",43,26
"1086",531,9,0,"WMU","Mid-American","Western Michigan",34,26
"1087",531,9,1,"NIU","Mid-American","Northern Illinois",48,26
"1088",532,9,0,"IOWA","Big Ten","Iowa",17,26
"1089",532,9,1,"NU","Big Ten","Northwestern",28,26
"1090",533,9,0,"OU","Big 12","Oklahoma",13,8
"1091",533,9,1,"ND","Independent","Notre Dame",30,5
"1092",534,9,0,"PENN","Big Ten","Penn State",23,26
"1093",534,9,1,"OSU","Big Ten","Ohio State",35,9
"1094",535,9,0,"TCU","Big 12","Texas Christian",14,26
"1095",535,9,1,"OKST","Big 12","Oklahoma State",36,26
"1096",536,9,0,"COL","Pac-12","Colorado",14,26
"1097",536,9,1,"ORE","Pac-12","Oregon",70,2
"1098",537,9,0,"TEM","Big East","Temple",17,26
"1099",537,9,1,"PITT","Big East","Pittsburgh",47,26
"1100",538,9,0,"SO MISS","Conference USA","Southern Mississippi",17,26
"1101",538,9,1,"RICE","Conference USA","Rice",44,26
"1102",539,9,0,"UNLV","Mountain West","Nevada-Las Vegas",13,26
"1103",539,9,1,"SDSU","Mountain West","San Diego State",24,26
"1104",540,9,0,"TEXST","Western Athletic","Texas State",20,26
"1105",540,9,1,"SJSU","Western Athletic","San Jose State",31,26
"1106",541,9,0,"TEN","Southeastern","Tennessee",35,26
"1107",541,9,1,"SC","Southeastern","South Carolina",38,17
"1108",542,9,0,"MEM","Conference USA","Memphis",13,26
"1109",542,9,1,"SMU","Conference USA","Southern Methodist",44,26
"1110",543,9,0,"WSU","Pac-12","Washington State",17,26
"1111",543,9,1,"STAN","Pac-12","Stanford",24,19
"1112",544,9,0,"SFU","Big East","South Florida",36,26
"1113",544,9,1,"SYR","Big East","Syracuse",37,26
"1114",545,9,0,"KU","Big 12","Kansas",17,26
"1115",545,9,1,"TEX","Big 12","Texas",21,26
"1116",546,9,0,"AUB","Southeastern","Auburn",21,26
"1117",546,9,1,"TAMU","Southeastern","Texas A&M",63,22
"1118",547,9,0,"BUF","Mid-American","Buffalo",20,26
"1119",547,9,1,"TOL","Mid-American","Toledo",25,26
"1120",548,9,0,"UAB","Conference USA","Alabama-Birmingham",45,26
"1121",548,9,1,"TULA","Conference USA","Tulane",55,26
"1122",549,9,0,"ASU","Pac-12","Arizona State",43,26
"1123",549,9,1,"UCLA","Pac-12","UCLA",45,26
"1124",550,9,0,"CAL","Pac-12","California",27,26
"1125",550,9,1,"UTAH","Pac-12","Utah",49,26
"1126",551,9,0,"UTSA","Western Athletic","Texas-San Antonio",17,26
"1127",551,9,1,"UTST","Western Athletic","Utah State",48,26
"1128",552,9,0,"UMASS","Mid-American","Massachusetts",7,26
"1129",552,9,1,"VAN","Southeastern","Vanderbilt",49,26
"1130",553,9,0,"ORST","Pac-12","Oregon State",17,7
"1131",553,9,1,"WASH","Pac-12","Washington",20,26
"1132",554,9,0,"FIU","Sun Belt","Florida International",6,26
"1133",554,9,1,"WKU","Sun Belt","Western Kentucky",14,26
"1134",555,10,0,"VT","Atlantic Coast","Virginia Tech",12,26
"1135",555,10,1,"MIA","Atlantic Coast","Miami FL",30,26
"1136",556,10,0,"WKU","Sun Belt","Western Kentucky",29,26
"1137",556,10,1,"MTSU","Sun Belt","Middle Tennessee State",34,26
"1138",557,10,0,"EMU","Mid-American","Eastern Michigan",14,26
"1139",557,10,1,"OHIO","Mid-American","Ohio",45,26
"1140",558,10,0,"CAL","Pac-12","California",13,26
"1141",558,10,1,"WASH","Pac-12","Washington",21,26
"1142",559,10,0,"LSU","Southeastern","Louisiana State",17,5
"1143",559,10,1,"BAMA","Southeastern","Alabama",21,1
"1144",560,10,0,"SO MISS","Conference USA","Southern Mississippi",19,26
"1145",560,10,1,"UAB","Conference USA","Alabama-Birmingham",27,26
"1146",561,10,0,"TULSA","Conference USA","Tulsa",15,26
"1147",561,10,1,"ARK","Southeastern","Arkansas",19,26
"1148",562,10,0,"NTEX","Sun Belt","North Texas",19,26
"1149",562,10,1,"ARKST","Sun Belt","Arkansas State",37,26
"1150",563,10,0,"AF","Mountain West","Air Force",21,26
"1151",563,10,1,"ARMY","Independent","Army",41,26
"1152",564,10,0,"NMSU","Western Athletic","New Mexico State",7,26
"1153",564,10,1,"AUB","Southeastern","Auburn",42,26
"1154",565,10,0,"KU","Big 12","Kansas",14,26
"1155",565,10,1,"BAY","Big 12","Baylor",41,26
"1156",566,10,0,"MIA-O","Mid-American","Miami OH",24,26
"1157",566,10,1,"BUF","Mid-American","Buffalo",27,26
"1158",567,10,0,"SMU","Conference USA","Southern Methodist",17,26
"1159",567,10,1,"UCF","Conference USA","Central Florida",42,26
"1160",568,10,0,"SYR","Big East","Syracuse",24,26
"1161",568,10,1,"CIN","Big East","Cincinnati",35,26
"1162",569,10,0,"DUKE","Atlantic Coast","Duke",20,26
"1163",569,10,1,"CLEM","Atlantic Coast","Clemson",56,10
"1164",570,10,0,"HOU","Conference USA","Houston",28,26
"1165",570,10,1,"ECU","Conference USA","East Carolina",48,26
"1166",571,10,0,"MIZZ","Southeastern","Missouri",7,26
"1167",571,10,1,"UF","Southeastern","Florida",14,8
"1168",572,10,0,"SOBAMA","Sun Belt","South Alabama",20,26
"1169",572,10,1,"FIU","Sun Belt","Florida International",28,26
"1170",573,10,0,"HAW","Mountain West","Hawaii",10,26
"1171",573,10,1,"FRES","Mountain West","Fresno State",45,26
"1172",574,10,0,"OLE","Southeastern","Mississippi",10,26
"1173",574,10,1,"UGA","Southeastern","Georgia",37,7
"1174",575,10,0,"MARY","Atlantic Coast","Maryland",13,26
"1175",575,10,1,"GT","Atlantic Coast","Georgia Tech",33,26
"1176",576,10,0,"IOWA","Big Ten","Iowa",21,26
"1177",576,10,1,"IND","Big Ten","Indiana",24,26
"1178",577,10,0,"OKST","Big 12","Oklahoma State",30,26
"1179",577,10,1,"KSU","Big 12","Kansas State",44,3
"1180",578,10,0,"AKRON","Mid-American","Akron",24,26
"1181",578,10,1,"KENT","Mid-American","Kent State",35,26
"1182",579,10,0,"UTSA","Western Athletic","Texas-San Antonio",27,26
"1183",579,10,1,"LTU","Western Athletic","Louisiana Tech",51,22
"1184",580,10,0,"LA-M","Sun Belt","Louisiana-Monroe",24,26
"1185",580,10,1,"LA-L","Sun Belt","Louisiana-Lafayette",40,26
"1186",581,10,0,"TEM","Big East","Temple",17,26
"1187",581,10,1,"LOU","Big East","Louisville",45,12
"1188",582,10,0,"MEM","Conference USA","Memphis",28,26
"1189",582,10,1,"MAR ","Conference USA","Marshall",38,26
"1190",583,10,0,"MINN","Big Ten","Minnesota",13,26
"1191",583,10,1,"MICH","Big Ten","Michigan",35,26
"1192",584,10,0,"FAU","Sun Belt","Florida Atlantic",17,26
"1193",584,10,1,"NAVY","Independent","Navy",24,26
"1194",585,10,0,"MSU","Big Ten","Michigan State",24,26
"1195",585,10,1,"NEB","Big Ten","Nebraska",28,21
"1196",586,10,0,"NM","Mountain West","New Mexico",7,26
"1197",586,10,1,"UNLV","Mountain West","Nevada-Las Vegas",35,26
"1198",587,10,0,"UMASS","Mid-American","Massachusetts",0,26
"1199",587,10,1,"NIU","Mid-American","Northern Illinois",63,26
"1200",588,10,0,"PITT","Big East","Pittsburgh",26,26
"1201",588,10,1,"ND","Independent","Notre Dame",29,4
"1202",589,10,0,"IL","Big Ten","Illinois",22,26
"1203",589,10,1,"OSU","Big Ten","Ohio State",52,6
"1204",590,10,0,"ISU","Big 12","Iowa State",20,26
"1205",590,10,1,"OU","Big 12","Oklahoma",35,14
"1206",591,10,0,"USC","Pac-12","Southern California",51,18
"1207",591,10,1,"ORE","Pac-12","Oregon",62,2
"1208",592,10,0,"ASU","Pac-12","Arizona State",26,26
"1209",592,10,1,"ORST","Pac-12","Oregon State",36,13
"1210",593,10,0,"PUR","Big Ten","Purdue",9,26
"1211",593,10,1,"PENN","Big Ten","Penn State",34,26
"1212",594,10,0,"TULA","Conference USA","Tulane",47,26
"1213",594,10,1,"RICE","Conference USA","Rice",49,26
"1214",595,10,0,"BST","Mountain West","Boise State",19,19
"1215",595,10,1,"SDSU","Mountain West","San Diego State",21,26
"1216",596,10,0,"ID","Western Athletic","Idaho",13,26
"1217",596,10,1,"SJSU","Western Athletic","San Jose State",42,26
"1218",597,10,0,"UCONN","Big East","Connecticut",6,26
"1219",597,10,1,"SFU","Big East","South Florida",13,26
"1220",598,10,0,"COL","Pac-12","Colorado",0,26
"1221",598,10,1,"STAN","Pac-12","Stanford",48,15
"1222",599,10,0,"TROY","Sun Belt","Troy",48,26
"1223",599,10,1,"TEN","Southeastern","Tennessee",55,26
"1224",600,10,0,"TTU","Big 12","Texas Tech",22,20
"1225",600,10,1,"TEX","Big 12","Texas",31,26
"1226",601,10,0,"MISS ST","Southeastern","Mississippi State",13,17
"1227",601,10,1,"TAMU","Southeastern","Texas A&M",38,16
"1228",602,10,0,"WV","Big 12","West Virginia",38,23
"1229",602,10,1,"TCU","Big 12","Texas Christian",39,26
"1230",603,10,0,"ARI","Pac-12","Arizona",10,24
"1231",603,10,1,"UCLA","Pac-12","UCLA",66,25
"1232",604,10,0,"WSU","Pac-12","Washington State",6,26
"1233",604,10,1,"UTAH","Pac-12","Utah",49,26
"1234",605,10,0,"TEXST","Western Athletic","Texas State",7,26
"1235",605,10,1,"UTST","Western Athletic","Utah State",38,26
"1236",606,10,0,"UK","Southeastern","Kentucky",0,26
"1237",606,10,1,"VAN","Southeastern","Vanderbilt",40,26
"1238",607,10,0,"NCST","Atlantic Coast","North Carolina State",6,26
"1239",607,10,1,"UVA","Atlantic Coast","Virginia",33,26
"1240",608,10,0,"BC","Atlantic Coast","Boston College",14,26
"1241",608,10,1,"WAKE","Atlantic Coast","Wake Forest",28,26
"1242",609,10,0,"CMU","Mid-American","Central Michigan",31,26
"1243",609,10,1,"WMU","Mid-American","Western Michigan",42,26
"1244",610,10,0,"COLS","Mountain West","Colorado State",31,26
"1245",610,10,1,"WYO","Mountain West","Wyoming",45,26
"1246",611,11,0,"TOL","Mid-American","Toledo",27,23
"1247",611,11,1,"BALL","Mid-American","Ball State",34,26
"1248",612,11,0,"OHIO","Mid-American","Ohio",14,26
"1249",612,11,1,"BG","Mid-American","Bowling Green State",26,26
"1250",613,11,0,"LA-M","Sun Belt","Louisiana-Monroe",23,26
"1251",613,11,1,"ARKST","Sun Belt","Arkansas State",45,26
"1252",614,11,0,"VT","Atlantic Coast","Virginia Tech",22,26
"1253",614,11,1,"FSU","Atlantic Coast","Florida State",28,8
"1254",615,11,0,"PITT","Big East","Pittsburgh",17,26
"1255",615,11,1,"UCONN","Big East","Connecticut",24,26
"1256",616,11,0,"MAR ","Conference USA","Marshall",31,26
"1257",616,11,1,"UAB","Conference USA","Alabama-Birmingham",38,26
"1258",617,11,0,"COL","Pac-12","Colorado",31,26
"1259",617,11,1,"ARI","Pac-12","Arizona",56,26
"1260",618,11,0,"HAW","Mountain West","Hawaii",14,26
"1261",618,11,1,"BST","Mountain West","Boise State",49,26
"1262",619,11,0,"ID","Western Athletic","Idaho",13,26
"1263",619,11,1,"BYU","Independent","Brigham Young",52,26
"1264",620,11,0,"WMU","Mid-American","Western Michigan",24,26
"1265",620,11,1,"BUF","Mid-American","Buffalo",29,26
"1266",621,11,0,"UT-EP","Conference USA","Texas-El Paso",24,26
"1267",621,11,1,"UCF","Conference USA","Central Florida",31,26
"1268",622,11,0,"EMU","Mid-American","Eastern Michigan",31,26
"1269",622,11,1,"CMU","Mid-American","Central Michigan",34,26
"1270",623,11,0,"TEM","Big East","Temple",10,26
"1271",623,11,1,"CIN","Big East","Cincinnati",34,26
"1272",624,11,0,"MARY","Atlantic Coast","Maryland",10,26
"1273",624,11,1,"CLEM","Atlantic Coast","Clemson",45,10
"1274",625,11,0,"UNLV","Mountain West","Nevada-Las Vegas",11,26
"1275",625,11,1,"COLS","Mountain West","Colorado State",33,26
"1276",626,11,0,"LA-L","Sun Belt","Louisiana-Lafayette",20,26
"1277",626,11,1,"UF","Southeastern","Florida",27,7
"1278",627,11,0,"WKU","Sun Belt","Western Kentucky",28,26
"1279",627,11,1,"FAU","Sun Belt","Florida Atlantic",37,26
"1280",628,11,0,"NEV","Mountain West","Nevada",36,26
"1281",628,11,1,"FRES","Mountain West","Fresno State",52,26
"1282",629,11,0,"AUB","Southeastern","Auburn",0,26
"1283",629,11,1,"UGA","Southeastern","Georgia",38,5
"1284",630,11,0,"UNC","Atlantic Coast","North Carolina",50,26
"1285",630,11,1,"GT","Atlantic Coast","Georgia Tech",68,26
"1286",631,11,0,"TCU","Big 12","Texas Christian",10,26
"1287",631,11,1,"KSU","Big 12","Kansas State",23,3
"1288",632,11,0,"MIA-O","Mid-American","Miami OH",32,26
"1289",632,11,1,"KENT","Mid-American","Kent State",48,26
"1290",633,11,0,"MISS ST","Southeastern","Mississippi State",17,22
"1291",633,11,1,"LSU","Southeastern","Louisiana State",37,9
"1292",634,11,0,"TEXST","Western Athletic","Texas State",55,26
"1293",634,11,1,"LTU","Western Athletic","Louisiana Tech",62,19
"1294",635,11,0,"AKRON","Mid-American","Akron",14,26
"1295",635,11,1,"UMASS","Mid-American","Massachusetts",22,26
"1296",636,11,0,"TULA","Conference USA","Tulane",23,26
"1297",636,11,1,"MEM","Conference USA","Memphis",37,26
"1298",637,11,0,"NU","Big Ten","Northwestern",31,26
"1299",637,11,1,"MICH","Big Ten","Michigan",38,26
"1300",638,11,0,"IL","Big Ten","Illinois",3,26
"1301",638,11,1,"MINN","Big Ten","Minnesota",17,26
"1302",639,11,0,"TEN","Southeastern","Tennessee",48,26
"1303",639,11,1,"MIZZ","Southeastern","Missouri",51,26
"1304",640,11,0,"PENN","Big Ten","Penn State",23,26
"1305",640,11,1,"NEB","Big Ten","Nebraska",32,18
"1306",641,11,0,"WAKE","Atlantic Coast","Wake Forest",6,26
"1307",641,11,1,"NCST","Atlantic Coast","North Carolina State",37,26
"1308",642,11,0,"SOBAMA","Sun Belt","South Alabama",14,26
"1309",642,11,1,"NTEX","Sun Belt","North Texas",24,26
"1310",643,11,0,"BC","Atlantic Coast","Boston College",6,26
"1311",643,11,1,"ND","Independent","Notre Dame",21,4
"1312",644,11,0,"BAY","Big 12","Baylor",34,26
"1313",644,11,1,"OU","Big 12","Oklahoma",42,14
"1314",645,11,0,"WV","Big 12","West Virginia",34,26
"1315",645,11,1,"OKST","Big 12","Oklahoma State",55,26
"1316",646,11,0,"CAL","Pac-12","California",17,26
"1317",646,11,1,"ORE","Pac-12","Oregon",59,2
"1318",647,11,0,"IOWA","Big Ten","Iowa",24,26
"1319",647,11,1,"PUR","Big Ten","Purdue",27,26
"1320",648,11,0,"ARMY","Independent","Army",7,26
"1321",648,11,1,"RUT","Big East","Rutgers",28,24
"1322",649,11,0,"AF","Mountain West","Air Force",9,26
"1323",649,11,1,"SDSU","Mountain West","San Diego State",28,26
"1324",650,11,0,"NMSU","Western Athletic","New Mexico State",7,26
"1325",650,11,1,"SJSU","Western Athletic","San Jose State",47,26
"1326",651,11,0,"ARK","Southeastern","Arkansas",20,26
"1327",651,11,1,"SC","Southeastern","South Carolina",38,12
"1328",652,11,0,"ASU","Pac-12","Arizona State",17,26
"1329",652,11,1,"USC","Pac-12","Southern California",38,21
"1330",653,11,0,"SO MISS","Conference USA","Southern Mississippi",6,26
"1331",653,11,1,"SMU","Conference USA","Southern Methodist",34,26
"1332",654,11,0,"ORST","Pac-12","Oregon State",23,13
"1333",654,11,1,"STAN","Pac-12","Stanford",27,16
"1334",655,11,0,"LOU","Big East","Louisville",26,11
"1335",655,11,1,"SYR","Big East","Syracuse",45,26
"1336",656,11,0,"ISU","Big 12","Iowa State",7,26
"1337",656,11,1,"TEX","Big 12","Texas",33,19
"1338",657,11,0,"BAMA","Southeastern","Alabama",24,1
"1339",657,11,1,"TAMU","Southeastern","Texas A&M",29,15
"1340",658,11,0,"KU","Big 12","Kansas",34,26
"1341",658,11,1,"TTU","Big 12","Texas Tech",41,25
"1342",659,11,0,"MCNST","FCS","McNeese State",24,26
"1343",659,11,1,"UTSA","Western Athletic","Texas-San Antonio",31,26
"1344",660,11,0,"NAVY","Independent","Navy",31,26
"1345",660,11,1,"TROY","Sun Belt","Troy",41,26
"1346",661,11,0,"HOU","Conference USA","Houston",7,26
"1347",661,11,1,"TULSA","Conference USA","Tulsa",41,26
"1348",662,11,0,"WSU","Pac-12","Washington State",36,26
"1349",662,11,1,"UCLA","Pac-12","UCLA",44,17
"1350",663,11,0,"OLE","Southeastern","Mississippi",26,26
"1351",663,11,1,"VAN","Southeastern","Vanderbilt",27,26
"1352",664,11,0,"MIA","Atlantic Coast","Miami FL",40,26
"1353",664,11,1,"UVA","Atlantic Coast","Virginia",41,26
"1354",665,11,0,"UTAH","Pac-12","Utah",15,26
"1355",665,11,1,"WASH","Pac-12","Washington",34,26
"1356",666,11,0,"IND","Big Ten","Indiana",14,26
"1357",666,11,1,"WIS","Big Ten","Wisconsin",62,26
"1358",667,11,0,"NM","Mountain West","New Mexico",23,26
"1359",667,11,1,"WYO","Mountain West","Wyoming",28,26
"1360",668,12,0,"OHIO","Mid-American","Ohio",27,26
"1361",668,12,1,"BALL","Mid-American","Ball State",52,26
"1362",669,12,0,"TOL","Mid-American","Toledo",24,26
"1363",669,12,1,"NIU","Mid-American","Northern Illinois",31,26
"1364",670,12,0,"UVA","Atlantic Coast","Virginia",13,26
"1365",670,12,1,"UNC","Atlantic Coast","North Carolina",37,26
"1366",671,12,0,"HAW","Mountain West","Hawaii",7,26
"1367",671,12,1,"AF","Mountain West","Air Force",21,26
"1368",672,12,0,"FAU","Sun Belt","Florida Atlantic",24,26
"1369",672,12,1,"FIU","Sun Belt","Florida International",34,26
"1370",673,12,0,"WCU","FCS","Western Carolina",0,26
"1371",673,12,1,"BAMA","Southeastern","Alabama",49,4
"1372",674,12,0,"UTAH","Pac-12","Utah",24,26
"1373",674,12,1,"ARI","Pac-12","Arizona",34,26
"1374",675,12,0,"WSU","Pac-12","Washington State",7,26
"1375",675,12,1,"ASU","Pac-12","Arizona State",46,26
"1376",676,12,0,"TROY","Sun Belt","Troy",34,26
"1377",676,12,1,"ARKST","Sun Belt","Arkansas State",41,26
"1378",677,12,0,"BAMA A&M","FCS","Alabama A&M",7,26
"1379",677,12,1,"AUB","Southeastern","Auburn",51,26
"1380",678,12,0,"KSU","Big 12","Kansas State",24,2
"1381",678,12,1,"BAY","Big 12","Baylor",52,26
"1382",679,12,0,"COLS","Mountain West","Colorado State",14,26
"1383",679,12,1,"BST","Mountain West","Boise State",42,26
"1384",680,12,0,"UMASS","Mid-American","Massachusetts",19,26
"1385",680,12,1,"BUF","Mid-American","Buffalo",29,26
"1386",681,12,0,"MIA-O","Mid-American","Miami OH",16,26
"1387",681,12,1,"CMU","Mid-American","Central Michigan",30,26
"1388",682,12,0,"NCST","Atlantic Coast","North Carolina State",48,26
"1389",682,12,1,"CLEM","Atlantic Coast","Clemson",62,11
"1390",683,12,0,"TULA","Conference USA","Tulane",23,26
"1391",683,12,1,"ECU","Conference USA","East Carolina",28,26
"1392",684,12,0,"WMU","Mid-American","Western Michigan",23,26
"1393",684,12,1,"EMU","Mid-American","Eastern Michigan",29,26
"1394",685,12,0,"JVILST","FCS","Jacksonville State",0,26
"1395",685,12,1,"UF","Southeastern","Florida",23,7
"1396",686,12,0,"MARY","Atlantic Coast","Maryland",14,26
"1397",686,12,1,"FSU","Atlantic Coast","Florida State",41,10
"1398",687,12,0,"GA SOU","FCS","Georgia Southern",14,26
"1399",687,12,1,"UGA","Southeastern","Georgia",45,5
"1400",688,12,0,"DUKE","Atlantic Coast","Duke",24,26
"1401",688,12,1,"GT","Atlantic Coast","Georgia Tech",42,26
"1402",689,12,0,"KU","Big 12","Kansas",23,26
"1403",689,12,1,"ISU","Big 12","Iowa State",51,26
"1404",690,12,0,"BG","Mid-American","Bowling Green State",24,26
"1405",690,12,1,"KENT","Mid-American","Kent State",31,25
"1406",691,12,0,"SAMF","FCS","Samford",3,26
"1407",691,12,1,"UK","Southeastern","Kentucky",34,26
"1408",692,12,0,"OLE","Southeastern","Mississippi",35,26
"1409",692,12,1,"LSU","Southeastern","Louisiana State",41,8
"1410",693,12,0,"WKU","Sun Belt","Western Kentucky",27,26
"1411",693,12,1,"LA-L","Sun Belt","Louisiana-Lafayette",31,26
"1412",694,12,0,"NTEX","Sun Belt","North Texas",16,26
"1413",694,12,1,"LA-M","Sun Belt","Louisiana-Monroe",42,26
"1414",695,12,0,"HOU","Conference USA","Houston",41,26
"1415",695,12,1,"MAR ","Conference USA","Marshall",44,26
"1416",696,12,0,"UAB","Conference USA","Alabama-Birmingham",9,26
"1417",696,12,1,"MEM","Conference USA","Memphis",46,26
"1418",697,12,0,"SFU","Big East","South Florida",9,26
"1419",697,12,1,"MIA","Atlantic Coast","Miami FL",40,26
"1420",698,12,0,"IOWA","Big Ten","Iowa",17,26
"1421",698,12,1,"MICH","Big Ten","Michigan",42,23
"1422",699,12,0,"SOBAMA","Sun Belt","South Alabama",12,26
"1423",699,12,1,"MTSU","Sun Belt","Middle Tennessee State",20,26
"1424",700,12,0,"ARK","Southeastern","Arkansas",14,26
"1425",700,12,1,"MISS ST","Southeastern","Mississippi State",45,26
"1426",701,12,0,"TEXST","Western Athletic","Texas State",10,26
"1427",701,12,1,"NAVY","Independent","Navy",21,26
"1428",702,12,0,"MINN","Big Ten","Minnesota",14,26
"1429",702,12,1,"NEB","Big Ten","Nebraska",38,16
"1430",703,12,0,"NM","Mountain West","New Mexico",24,26
"1431",703,12,1,"NEV","Mountain West","Nevada",31,26
"1432",704,12,0,"MSU","Big Ten","Michigan State",20,26
"1433",704,12,1,"NU","Big Ten","Northwestern",23,26
"1434",705,12,0,"WAKE","Atlantic Coast","Wake Forest",0,26
"1435",705,12,1,"ND","Independent","Notre Dame",38,3
"1436",706,12,0,"WIS","Big Ten","Wisconsin",14,26
"1437",706,12,1,"OSU","Big Ten","Ohio State",21,6
"1438",707,12,0,"WV","Big 12","West Virginia",49,26
"1439",707,12,1,"OU","Big 12","Oklahoma",50,13
"1440",708,12,0,"TTU","Big 12","Texas Tech",21,23
"1441",708,12,1,"OKST","Big 12","Oklahoma State",59,26
"1442",709,12,0,"CAL","Pac-12","California",14,26
"1443",709,12,1,"ORST","Pac-12","Oregon State",62,15
"1444",710,12,0,"IND","Big Ten","Indiana",22,26
"1445",710,12,1,"PENN","Big Ten","Penn State",45,26
"1446",711,12,0,"IL","Big Ten","Illinois",17,26
"1447",711,12,1,"PUR","Big Ten","Purdue",20,26
"1448",712,12,0,"SMU","Conference USA","Southern Methodist",20,26
"1449",712,12,1,"RICE","Conference USA","Rice",36,26
"1450",713,12,0,"CIN","Big East","Cincinnati",3,26
"1451",713,12,1,"RUT","Big East","Rutgers",10,22
"1452",714,12,0,"BYU","Independent","Brigham Young",14,26
"1453",714,12,1,"SJSU","Western Athletic","San Jose State",20,26
"1454",715,12,0,"WOFF","FCS","Wofford",7,26
"1455",715,12,1,"SC","Southeastern","South Carolina",24,12
"1456",716,12,0,"ORE","Pac-12","Oregon",14,1
"1457",716,12,1,"STAN","Pac-12","Stanford",17,14
"1458",717,12,0,"MIZZ","Southeastern","Missouri",27,26
"1459",717,12,1,"SYR","Big East","Syracuse",31,26
"1460",718,12,0,"ARMY","Independent","Army",32,26
"1461",718,12,1,"TEM","Big East","Temple",63,26
"1462",719,12,0,"SAMH","FCS","Sam Houston State",28,26
"1463",719,12,1,"TAMU","Southeastern","Texas A&M",47,9
"1464",720,12,0,"SO MISS","Conference USA","Southern Mississippi",33,26
"1465",720,12,1,"UT-EP","Conference USA","Texas-El Paso",34,26
"1466",721,12,0,"ID","Western Athletic","Idaho",27,26
"1467",721,12,1,"UTSA","Western Athletic","Texas-San Antonio",34,26
"1468",722,12,0,"UCF","Conference USA","Central Florida",21,26
"1469",722,12,1,"TULSA","Conference USA","Tulsa",23,26
"1470",723,12,0,"USC","Pac-12","Southern California",28,21
"1471",723,12,1,"UCLA","Pac-12","UCLA",38,17
"1472",724,12,0,"LTU","Western Athletic","Louisiana Tech",41,19
"1473",724,12,1,"UTST","Western Athletic","Utah State",48,26
"1474",725,12,0,"TEN","Southeastern","Tennessee",18,26
"1475",725,12,1,"VAN","Southeastern","Vanderbilt",41,26
"1476",726,12,0,"BC","Atlantic Coast","Boston College",23,26
"1477",726,12,1,"VT","Atlantic Coast","Virginia Tech",30,26
"1478",727,12,0,"COL","Pac-12","Colorado",3,26
"1479",727,12,1,"WASH","Pac-12","Washington",38,26
"1480",728,12,0,"UNLV","Mountain West","Nevada-Las Vegas",23,26
"1481",728,12,1,"WYO","Mountain West","Wyoming",28,26
"1482",729,13,0,"AKRON","Mid-American","Akron",23,26
"1483",729,13,1,"TOL","Mid-American","Toledo",35,26
"1484",730,13,0,"TEX","Big 12","Texas",13,18
"1485",730,13,1,"TCU","Big 12","Texas Christian",20,26
"1486",731,13,0,"ARI","Pac-12","Arizona",34,26
"1487",731,13,1,"ASU","Pac-12","Arizona State",41,26
"1488",732,13,0,"MIA-O","Mid-American","Miami OH",24,26
"1489",732,13,1,"BALL","Mid-American","Ball State",31,26
"1490",733,13,0,"BUF","Mid-American","Buffalo",7,26
"1491",733,13,1,"BG","Mid-American","Bowling Green State",21,26
"1492",734,13,0,"UMASS","Mid-American","Massachusetts",21,26
"1493",734,13,1,"CMU","Mid-American","Central Michigan",42,26
"1494",735,13,0,"SFU","Big East","South Florida",10,26
"1495",735,13,1,"CIN","Big East","Cincinnati",27,26
"1496",736,13,0,"MAR ","Conference USA","Marshall",59,26
"1497",736,13,1,"ECU","Conference USA","East Carolina",65,26
"1498",737,13,0,"OHIO","Mid-American","Ohio",6,26
"1499",737,13,1,"KENT","Mid-American","Kent State",28,23
"1500",738,13,0,"ARK","Southeastern","Arkansas",13,26
"1501",738,13,1,"LSU","Southeastern","Louisiana State",20,8
"1502",739,13,0,"IOWA","Big Ten","Iowa",7,26
"1503",739,13,1,"NEB","Big Ten","Nebraska",13,17
"1504",740,13,0,"EMU","Mid-American","Eastern Michigan",7,26
"1505",740,13,1,"NIU","Mid-American","Northern Illinois",49,24
"1506",741,13,0,"TEM","Big East","Temple",20,26
"1507",741,13,1,"SYR","Big East","Syracuse",38,26
"1508",742,13,0,"COL","Pac-12","Colorado",35,26
"1509",742,13,1,"UTAH","Pac-12","Utah",42,26
"1510",743,13,0,"WASH","Pac-12","Washington",28,26
"1511",743,13,1,"WSU","Pac-12","Washington State",31,26
"1512",744,13,0,"ISU","Big 12","Iowa State",24,26
"1513",744,13,1,"WV","Big 12","West Virginia",31,26
"1514",745,13,0,"AUB","Southeastern","Auburn",0,26
"1515",745,13,1,"BAMA","Southeastern","Alabama",49,2
"1516",746,13,0,"TTU","Big 12","Texas Tech",45,26
"1517",746,13,1,"BAY","Big 12","Baylor",52,26
"1518",747,13,0,"NMSU","Western Athletic","New Mexico State",14,26
"1519",747,13,1,"BYU","Independent","Brigham Young",50,26
"1520",748,13,0,"UAB","Conference USA","Alabama-Birmingham",24,26
"1521",748,13,1,"UCF","Conference USA","Central Florida",49,26
"1522",749,13,0,"NM","Mountain West","New Mexico",20,26
"1523",749,13,1,"COLS","Mountain West","Colorado State",24,26
"1524",750,13,0,"LOU","Big East","Louisville",20,19
"1525",750,13,1,"UCONN","Big East","Connecticut",23,26
"1526",751,13,0,"FSU","Atlantic Coast","Florida State",26,10
"1527",751,13,1,"UF","Southeastern","Florida",37,6
"1528",752,13,0,"AF","Mountain West","Air Force",15,26
"1529",752,13,1,"FRES","Mountain West","Fresno State",48,26
"1530",753,13,0,"GT","Atlantic Coast","Georgia Tech",10,26
"1531",753,13,1,"UGA","Southeastern","Georgia",42,3
"1532",754,13,0,"UNLV","Mountain West","Nevada-Las Vegas",10,26
"1533",754,13,1,"HAW","Mountain West","Hawaii",48,26
"1534",755,13,0,"TULA","Conference USA","Tulane",17,26
"1535",755,13,1,"HOU","Conference USA","Houston",40,26
"1536",756,13,0,"SOBAMA","Sun Belt","South Alabama",30,26
"1537",756,13,1,"LA-L","Sun Belt","Louisiana-Lafayette",52,26
"1538",757,13,0,"FIU","Sun Belt","Florida International",17,26
"1539",757,13,1,"LA-M","Sun Belt","Louisiana-Monroe",23,26
"1540",758,13,0,"SO MISS","Conference USA","Southern Mississippi",24,26
"1541",758,13,1,"MEM","Conference USA","Memphis",42,26
"1542",759,13,0,"DUKE","Atlantic Coast","Duke",45,26
"1543",759,13,1,"MIA","Atlantic Coast","Miami FL",52,26
"1544",760,13,0,"MINN","Big Ten","Minnesota",10,26
"1545",760,13,1,"MSU","Big Ten","Michigan State",26,26
"1546",761,13,0,"TROY","Sun Belt","Troy",21,26
"1547",761,13,1,"MTSU","Sun Belt","Middle Tennessee State",24,26
"1548",762,13,0,"MISS ST","Southeastern","Mississippi State",24,25
"1549",762,13,1,"OLE","Southeastern","Mississippi",41,26
"1550",763,13,0,"MARY","Atlantic Coast","Maryland",38,26
"1551",763,13,1,"UNC","Atlantic Coast","North Carolina",45,26
"1552",764,13,0,"BC","Atlantic Coast","Boston College",10,26
"1553",764,13,1,"NCST","Atlantic Coast","North Carolina State",27,26
"1554",765,13,0,"IL","Big Ten","Illinois",14,26
"1555",765,13,1,"NU","Big Ten","Northwestern",50,26
"1556",766,13,0,"USC","Pac-12","Southern California",13,26
"1557",766,13,1,"ND","Independent","Notre Dame",22,1
"1558",767,13,0,"MICH","Big Ten","Michigan",21,20
"1559",767,13,1,"OSU","Big Ten","Ohio State",26,4
"1560",768,13,0,"OKST","Big 12","Oklahoma State",48,22
"1561",768,13,1,"OU","Big 12","Oklahoma",51,14
"1562",769,13,0,"ORST","Pac-12","Oregon State",24,16
"1563",769,13,1,"ORE","Pac-12","Oregon",48,5
"1564",770,13,0,"WIS","Big Ten","Wisconsin",21,26
"1565",770,13,1,"PENN","Big Ten","Penn State",24,26
"1566",771,13,0,"RUT","Big East","Rutgers",6,21
"1567",771,13,1,"PITT","Big East","Pittsburgh",27,26
"1568",772,13,0,"IND","Big Ten","Indiana",35,26
"1569",772,13,1,"PUR","Big Ten","Purdue",56,26
"1570",773,13,0,"UT-EP","Conference USA","Texas-El Paso",24,26
"1571",773,13,1,"RICE","Conference USA","Rice",33,26
"1572",774,13,0,"WYO","Mountain West","Wyoming",28,26
"1573",774,13,1,"SDSU","Mountain West","San Diego State",42,26
"1574",775,13,0,"LTU","Western Athletic","Louisiana Tech",43,26
"1575",775,13,1,"SJSU","Western Athletic","San Jose State",52,26
"1576",776,13,0,"CLEM","Atlantic Coast","Clemson",17,12
"1577",776,13,1,"SC","Southeastern","South Carolina",27,13
"1578",777,13,0,"TULSA","Conference USA","Tulsa",27,26
"1579",777,13,1,"SMU","Conference USA","Southern Methodist",35,26
"1580",778,13,0,"UCLA","Pac-12","UCLA",17,15
"1581",778,13,1,"STAN","Pac-12","Stanford",35,11
"1582",779,13,0,"UK","Southeastern","Kentucky",17,26
"1583",779,13,1,"TEN","Southeastern","Tennessee",37,26
"1584",780,13,0,"MIZZ","Southeastern","Missouri",29,26
"1585",780,13,1,"TAMU","Southeastern","Texas A&M",59,9
"1586",781,13,0,"TEXST","Western Athletic","Texas State",31,26
"1587",781,13,1,"UTSA","Western Athletic","Texas-San Antonio",38,26
"1588",782,13,0,"ID","Western Athletic","Idaho",9,26
"1589",782,13,1,"UTST","Western Athletic","Utah State",45,25
"1590",783,13,0,"WAKE","Atlantic Coast","Wake Forest",21,26
"1591",783,13,1,"VAN","Southeastern","Vanderbilt",55,26
"1592",784,13,0,"UVA","Atlantic Coast","Virginia",14,26
"1593",784,13,1,"VT","Atlantic Coast","Virginia Tech",17,26
"1594",785,13,0,"NTEX","Sun Belt","North Texas",24,26
"1595",785,13,1,"WKU","Sun Belt","Western Kentucky",25,26
"1596",786,14,0,"RUT","Big East","Rutgers",17,26
"1597",786,14,1,"LOU","Big East","Louisville",20,26
"1598",787,14,0,"KENT","Mid-American","Kent State",37,18
"1599",787,14,1,"NIU","Mid-American","Northern Illinois",44,19
"1600",788,14,0,"UCLA","Pac-12","UCLA",24,17
"1601",788,14,1,"STAN","Pac-12","Stanford",27,8
"1602",789,14,0,"UGA","Southeastern","Georgia",28,3
"1603",789,14,1,"BAMA","Southeastern","Alabama",32,2
"1604",790,14,0,"MTSU","Sun Belt","Middle Tennessee State",0,26
"1605",790,14,1,"ARKST","Sun Belt","Arkansas State",45,26
"1606",791,14,0,"OKST","Big 12","Oklahoma State",34,24
"1607",791,14,1,"BAY","Big 12","Baylor",41,26
"1608",792,14,0,"NEV","Mountain West","Nevada",21,26
"1609",792,14,1,"BST","Mountain West","Boise State",27,25
"1610",793,14,0,"UCONN","Big East","Connecticut",17,26
"1611",793,14,1,"CIN","Big East","Cincinnati",34,26
"1612",794,14,0,"GT","Atlantic Coast","Georgia Tech",15,26
"1613",794,14,1,"FSU","Atlantic Coast","Florida State",21,13
"1614",795,14,0,"SOBAMA","Sun Belt","South Alabama",7,26
"1615",795,14,1,"HAW","Mountain West","Hawaii",23,26
"1616",796,14,0,"TEX","Big 12","Texas",24,23
"1617",796,14,1,"KSU","Big 12","Kansas State",42,7
"1618",797,14,0,"FAU","Sun Belt","Florida Atlantic",21,26
"1619",797,14,1,"LA-L","Sun Belt","Louisiana-Lafayette",35,26
"1620",798,14,0,"TCU","Big 12","Texas Christian",17,26
"1621",798,14,1,"OU","Big 12","Oklahoma",24,12
"1622",799,14,0,"NICHST","FCS","Nicholls State",3,26
"1623",799,14,1,"ORST","Pac-12","Oregon State",77,16
"1624",800,14,0,"SFU","Big East","South Florida",3,26
"1625",800,14,1,"PITT","Big East","Pittsburgh",27,26
"1626",801,14,0,"NMSU","Western Athletic","New Mexico State",28,26
"1627",801,14,1,"TEXST","Western Athletic","Texas State",66,26
"1628",802,14,0,"UCF","Conference USA","Central Florida",27,26
"1629",802,14,1,"TULSA","Conference USA","Tulsa",33,26
"1630",803,14,0,"KU","Big 12","Kansas",10,26
"1631",803,14,1,"WV","Big 12","West Virginia",59,26
"1632",804,14,0,"NEB","Big Ten","Nebraska",31,14
"1633",804,14,1,"WIS","Big Ten","Wisconsin",70,26
"1634",805,15,0,"ARMY","Independent","Army",13,26
"1635",805,15,1,"NAVY","Independent","Navy",17,26
"1636",806,16,0,"NEV","Mountain West","Nevada",48,26
"1637",806,16,1,"ARI","Pac-12","Arizona",49,26
"1638",807,16,0,"TOL","Mid-American","Toledo",15,26
"1639",807,16,1,"UTST","Western Athletic","Utah State",41,18
"1640",808,16,0,"SDSU","Mountain West","San Diego State",6,26
"1641",808,16,1,"BYU","Independent","Brigham Young",23,26
"1642",809,16,0,"BALL","Mid-American","Ball State",17,26
"1643",809,16,1,"UCF","Conference USA","Central Florida",38,26
"1644",810,16,0,"WASH","Pac-12","Washington",26,26
"1645",810,16,1,"BST","Mountain West","Boise State",28,20
"1646",811,16,0,"ECU","Conference USA","East Carolina",34,26
"1647",811,16,1,"LA-L","Sun Belt","Louisiana-Lafayette",43,26
"1648",812,16,0,"FRES","Mountain West","Fresno State",10,26
"1649",812,16,1,"SMU","Conference USA","Southern Methodist",43,26
"1650",813,16,0,"WKU","Sun Belt","Western Kentucky",21,26
"1651",813,16,1,"CMU","Mid-American","Central Michigan",24,26
"1652",814,16,0,"UCLA","Pac-12","UCLA",26,17
"1653",814,16,1,"BAY","Big 12","Baylor",49,26
"1654",815,16,0,"DUKE","Atlantic Coast","Duke",34,26
"1655",815,16,1,"CIN","Big East","Cincinnati",48,26
"1656",816,16,0,"BG","Mid-American","Bowling Green State",20,26
"1657",816,16,1,"SJSU","Western Athletic","San Jose State",29,24
"1658",817,16,0,"LA-M","Sun Belt","Louisiana-Monroe",14,26
"1659",817,16,1,"OHIO","Mid-American","Ohio",45,26
"1660",818,16,0,"MINN","Big Ten","Minnesota",31,26
"1661",818,16,1,"TTU","Big 12","Texas Tech",34,26
"1662",819,16,0,"RUT","Big East","Rutgers",10,26
"1663",819,16,1,"VT","Atlantic Coast","Virginia Tech",13,26
"1664",820,16,0,"NAVY","Independent","Navy",28,26
"1665",820,16,1,"ASU","Pac-12","Arizona State",62,26
"1666",821,16,0,"TCU","Big 12","Texas Christian",16,26
"1667",821,16,1,"MSU","Big Ten","Michigan State",17,26
"1668",822,16,0,"AF","Mountain West","Air Force",14,26
"1669",822,16,1,"RICE","Conference USA","Rice",33,26
"1670",823,16,0,"WV","Big 12","West Virginia",14,26
"1671",823,16,1,"SYR","Big East","Syracuse",38,26
"1672",824,16,0,"ORST","Pac-12","Oregon State",27,15
"1673",824,16,1,"TEX","Big 12","Texas",31,26
"1674",825,16,0,"LSU","Southeastern","Louisiana State",24,9
"1675",825,16,1,"CLEM","Atlantic Coast","Clemson",25,14
"1676",826,16,0,"USC","Pac-12","Southern California",7,26
"1677",826,16,1,"GT","Atlantic Coast","Georgia Tech",21,26
"1678",827,16,0,"ISU","Big 12","Iowa State",17,26
"1679",827,16,1,"TULSA","Conference USA","Tulsa",31,26
"1680",828,16,0,"NCST","Atlantic Coast","North Carolina State",24,26
"1681",828,16,1,"VAN","Southeastern","Vanderbilt",38,26
"1682",829,16,0,"NIU","Mid-American","Northern Illinois",10,16
"1683",829,16,1,"FSU","Atlantic Coast","Florida State",31,13
"1684",830,16,0,"NEB","Big Ten","Nebraska",31,23
"1685",830,16,1,"UGA","Southeastern","Georgia",45,6
"1686",831,16,0,"MISS ST","Southeastern","Mississippi State",20,26
"1687",831,16,1,"NU","Big Ten","Northwestern",34,21
"1688",832,16,0,"PUR","Big Ten","Purdue",14,26
"1689",832,16,1,"OKST","Big 12","Oklahoma State",58,26
"1690",833,16,0,"MICH","Big Ten","Michigan",28,19
"1691",833,16,1,"SC","Southeastern","South Carolina",33,11
"1692",834,16,0,"WIS","Big Ten","Wisconsin",14,26
"1693",834,16,1,"STAN","Pac-12","Stanford",20,8
"1694",835,16,0,"UF","Southeastern","Florida",23,4
"1695",835,16,1,"LOU","Big East","Louisville",33,22
"1696",836,16,0,"KSU","Big 12","Kansas State",17,7
"1697",836,16,1,"ORE","Pac-12","Oregon",35,5
"1698",837,16,0,"OU","Big 12","Oklahoma",13,12
"1699",837,16,1,"TAMU","Southeastern","Texas A&M",41,10
"1700",838,16,0,"PITT","Big East","Pittsburgh",17,26
"1701",838,16,1,"OLE","Southeastern","Mississippi",38,26
"1702",839,16,0,"KENT","Mid-American","Kent State",13,25
"1703",839,16,1,"ARKST","Sun Belt","Arkansas State",17,26
"1704",840,16,0,"ND","Independent","Notre Dame",14,1
"1705",840,16,1,"BAMA","Southeastern","Alabama",42,2
"1706",841,17,2,"NEB","Big Ten","Nebraska",0,25
"1707",842,17,2,"MICH","Big Ten","Michigan",0,24
"1708",843,17,2,"VAND","Southeastern","Vanderbilt",0,23
"1709",844,17,2,"NIU","Mid-American","Northern Illinois",0,22
"1710",845,17,2,"SJSU","Western Athletic","San Jose State",0,21
"1711",846,17,2,"ORST","Pac-12","Oregon State",0,20
"1712",847,17,2,"TEX","Big 12","Texas",0,19
"1713",848,17,2,"BST","Mountain West","Boise State",0,18
"1714",849,17,2,"NU","Big Ten","Northwestern",0,17
"1715",850,17,2,"UTST","Western Athletic","Utah State",0,16
"1716",851,17,2,"OU","Big 12","Oklahoma",0,15
"1717",852,17,2,"LSU","Southeastern","Louisiana State",0,14
"1718",853,17,2,"LOU","Big East","Louisville",0,13
"1719",854,17,2,"KSU","Big 12","Kansas State",0,12
"1720",855,17,2,"CLEM","Atlantic Coastal","Clemson",0,11
"1721",856,17,2,"FSU","Atlantic Coastal","Florida State",0,10
"1722",857,17,2,"UF","Southeastern","Florida",0,9
"1723",858,17,2,"SC","Southeastern","South Carolina",0,8
"1724",859,17,2,"STAN","Pac-12","Stanford",0,7
"1725",860,17,2,"TAMU","Southeastern","Texas A&M",0,6
"1726",861,17,2,"UGA","Southeastern","Georgia",0,5
"1727",862,17,2,"ND","Independent","Notre Dame",0,4
"1728",863,17,2,"OSU","Big Ten","Ohio State",0,3
"1729",864,17,2,"ORE","Pac-12","Oregon",0,2
"1730",865,17,2,"BAMA","Southeastern","Alabama",0,1
